Filename,Label
Plate_0.png,JD1AU1
Plate_1.png,WRTP4AI2
Plate_2.png,4PAISAEGR
Plate_3.png,RK58BWFHFP
Plate_4.png,YRRJXW
Plate_5.png,L0UQEN4IC
Plate_6.png,44P7
Plate_7.png,PQ5H
Plate_8.png,NPV1RA
Plate_9.png,J703EFK
Plate_10.png,BUNG2BW1MI4
Plate_11.png,ZL22BTTI0U
Plate_12.png,XM4S
Plate_13.png,UV4UTGV46
Plate_14.png,EIBHECCS
Plate_15.png,QA5PIM1E4BY
Plate_16.png,181TR4MB
Plate_17.png,4JNMWHZLZ9
Plate_18.png,HL9SQNFQU
Plate_19.png,H92NURE5X
Plate_20.png,UFGV
Plate_21.png,LYYCCI8W0
Plate_22.png,JY67
Plate_23.png,6RYCSDV
Plate_24.png,3LK5MK0G94A
Plate_25.png,EXFZ9GYD516
Plate_26.png,AH7GEFTJJDJ
Plate_27.png,8CPBPQZN
Plate_28.png,GB2HEXS2D
Plate_29.png,GBZ4WC
Plate_30.png,WKZQ8HKBS
Plate_31.png,B761N
Plate_32.png,LPNUV5N6V
Plate_33.png,HF7E9
Plate_34.png,6FBGEMPFL
Plate_35.png,GFD537YDG
Plate_36.png,YWW11JU77
Plate_37.png,A3BRIZ09HK
Plate_38.png,MBINDQB
Plate_39.png,D9B8
Plate_40.png,0WWZDVPVU
Plate_41.png,WEITI
Plate_42.png,TC89N
Plate_43.png,16WDJA1MF1
Plate_44.png,GUSD7NS8
Plate_45.png,PXJH
Plate_46.png,GU02LZ8TKDR
Plate_47.png,CJYI
Plate_48.png,RUKZ05
Plate_49.png,VRE5LURX5
Plate_50.png,RSXV2
Plate_51.png,QWYL4KL9
Plate_52.png,D4BFW8VZ
Plate_53.png,0UF4MD1G0
Plate_54.png,B5HABGB
Plate_55.png,YF64NWY2D
Plate_56.png,FBFYK4D
Plate_57.png,946S
Plate_58.png,TLC3W8
Plate_59.png,2WTWYEKND
Plate_60.png,E280G9GA
Plate_61.png,88JNC
Plate_62.png,5DT5F2
Plate_63.png,JJ72
Plate_64.png,QYL1IUM
Plate_65.png,EK8JCIF1S
Plate_66.png,I5W7
Plate_67.png,ANFLGI6
Plate_68.png,2AL33
Plate_69.png,EFXH4
Plate_70.png,C5MGGHZ
Plate_71.png,4MC0
Plate_72.png,E0ZMH9
Plate_73.png,YCDAP
Plate_74.png,FY4P
Plate_75.png,66HU3GB
Plate_76.png,HALVD81A11
Plate_77.png,EVUPZU
Plate_78.png,UXTKXH16V
Plate_79.png,E9L2I3G9X
Plate_80.png,HMTE
Plate_81.png,FEUSH5J8U94
Plate_82.png,SESL
Plate_83.png,M1I2J
Plate_84.png,EM8UNRJRG
Plate_85.png,0QRBCT20KGF
Plate_86.png,KWYEL7I
Plate_87.png,ECBE
Plate_88.png,PL53XGUYQ
Plate_89.png,KD6JA4X1W57
Plate_90.png,U0U992PEW
Plate_91.png,94Q4SU
Plate_92.png,UN8K1F7P
Plate_93.png,YJBBM1D3VR7
Plate_94.png,R9A4
Plate_95.png,1XFKZ1
Plate_96.png,K81TECNS1D
Plate_97.png,JQQWPXD2DQ0
Plate_98.png,6YWKJSI9HZQ
Plate_99.png,7NCN
Plate_100.png,B9XX7EZUAD4
Plate_101.png,UAC72ZBUD6
Plate_102.png,PBZI
Plate_103.png,L8C4ZEGDLF4
Plate_104.png,JVEBHG9I
Plate_105.png,ZRPQLX6Z
Plate_106.png,R618FN
Plate_107.png,JUQ2
Plate_108.png,KQCHES
Plate_109.png,BJC2270UYHZ
Plate_110.png,DJL0
Plate_111.png,EMK1DECQDGX
Plate_112.png,1BINV6KE
Plate_113.png,B4INN3
Plate_114.png,9C23YSHE
Plate_115.png,Y2JY0
Plate_116.png,KMSADRZKIU
Plate_117.png,2AH2N
Plate_118.png,TGU07W41
Plate_119.png,3M9JCUW
Plate_120.png,2L042NH
Plate_121.png,ASJ2
Plate_122.png,7GP0NSUF9MW
Plate_123.png,ZPYWE5AD6
Plate_124.png,35I05IVNMB
Plate_125.png,SXSG36
Plate_126.png,8E4ADUT
Plate_127.png,S64BW5LX
Plate_128.png,8ZXVJ0
Plate_129.png,WEWZE2
Plate_130.png,KTZ0X8LB
Plate_131.png,GZAG1BT68
Plate_132.png,9M086
Plate_133.png,LUPKL
Plate_134.png,35DNWNCLK
Plate_135.png,ELKC8QL9FQ6
Plate_136.png,AUSD5
Plate_137.png,9VV4
Plate_138.png,G8FG3K9NY
Plate_139.png,0HTT3XUYS9
Plate_140.png,C8RSJTRAI
Plate_141.png,753FR
Plate_142.png,NGVF5KF1W
Plate_143.png,4D2D6S7QMI
Plate_144.png,BG1793HKII
Plate_145.png,KQWTJ5Z
Plate_146.png,QF7CAB
Plate_147.png,TTDGJH
Plate_148.png,I1S1DQ
Plate_149.png,QJMIA8WVYQ
Plate_150.png,2THR
Plate_151.png,KBJD
Plate_152.png,6IDEI
Plate_153.png,FC8B8
Plate_154.png,GPI4WRRWYS
Plate_155.png,9NP1J3QZ
Plate_156.png,3DH9Y5A
Plate_157.png,YQX59M2K
Plate_158.png,3CEB
Plate_159.png,6GQI7
Plate_160.png,LT6M3V
Plate_161.png,NQIBMLQ
Plate_162.png,LXBCZQXGVJ
Plate_163.png,NFE3S14FS
Plate_164.png,UTCTRGTRVS
Plate_165.png,JCD9D
Plate_166.png,I8W17BLXS
Plate_167.png,G8PNEISJB
Plate_168.png,7DE88WM
Plate_169.png,73N7RRG
Plate_170.png,SY4RL
Plate_171.png,3U7N
Plate_172.png,YS9SLX6AM2D
Plate_173.png,HRA8RIWQ08
Plate_174.png,BUBRC
Plate_175.png,0QQHVQC
Plate_176.png,PS5LFMYNA04
Plate_177.png,1M07Y1FQF7W
Plate_178.png,L1UTTCEV
Plate_179.png,ZENYA0YHBNP
Plate_180.png,7EMKX1R
Plate_181.png,R4RDB20N
Plate_182.png,P6B1
Plate_183.png,IRR6N
Plate_184.png,E14R6B3EUE
Plate_185.png,WTDSQNPAXDY
Plate_186.png,TAY485P25Q
Plate_187.png,W9F2
Plate_188.png,NNN4QEG8886
Plate_189.png,9DA3B
Plate_190.png,NL8A8QH2KS
Plate_191.png,1Z5J0U1J
Plate_192.png,2IL6Q
Plate_193.png,QP70QFR4C
Plate_194.png,Y5JIXSNW92B
Plate_195.png,I6VCVT
Plate_196.png,HWUJULFA0
Plate_197.png,WVJNB9DV
Plate_198.png,VWRUERM0
Plate_199.png,SDCP
Plate_200.png,DH7BP
Plate_201.png,297JVRX87
Plate_202.png,5S93DHA7E7
Plate_203.png,HZVXJYWW
Plate_204.png,JQUT
Plate_205.png,MDAYX
Plate_206.png,534H3J
Plate_207.png,2JRDR6GS1
Plate_208.png,19WYGBH
Plate_209.png,0QAC95D
Plate_210.png,LUVPZ8
Plate_211.png,C397ALE
Plate_212.png,EUNEFV3I
Plate_213.png,8M72FWQ
Plate_214.png,JUMW48
Plate_215.png,H47Y
Plate_216.png,FBQRP167B0
Plate_217.png,AIP9
Plate_218.png,79PPZ36W
Plate_219.png,VALZW2ZGPX
Plate_220.png,IAA5E
Plate_221.png,3KXFWB
Plate_222.png,BMLECNULNQX
Plate_223.png,M1CPS7JRP
Plate_224.png,TXR4
Plate_225.png,KFUSBXA
Plate_226.png,IALRB9EMS
Plate_227.png,H1IV
Plate_228.png,1TINNQBTXLS
Plate_229.png,HMERZ11K5
Plate_230.png,R25IME
Plate_231.png,MFXR8XXV
Plate_232.png,A7YFT
Plate_233.png,1BW80RKEJ67
Plate_234.png,R2AU9JUY
Plate_235.png,U3T7TH
Plate_236.png,T30C340
Plate_237.png,ZLR7P
Plate_238.png,3CWKME4F98S
Plate_239.png,ITZML75YC
Plate_240.png,75TH0KBZ1P1
Plate_241.png,MKHXDEH
Plate_242.png,U0AGY8UEDC
Plate_243.png,CV5KFEG
Plate_244.png,SUFTBWH0J
Plate_245.png,PGVQE
Plate_246.png,NAASAVYZ4X
Plate_247.png,1MTIX58Y6
Plate_248.png,U08F2
Plate_249.png,P35Y
Plate_250.png,V6YWP
Plate_251.png,UQRLS
Plate_252.png,UE7P
Plate_253.png,AAZFREM1GA
Plate_254.png,F9H7GLXLZLY
Plate_255.png,HPSH
Plate_256.png,ZE6092R8ZM
Plate_257.png,KDXJWF75P
Plate_258.png,CHCIKGV8
Plate_259.png,2JFE
Plate_260.png,HPQ07RP1V3M
Plate_261.png,3IL0NG
Plate_262.png,BAE4F
Plate_263.png,Y7UCTL
Plate_264.png,4VXV
Plate_265.png,ZDS225
Plate_266.png,RQ566
Plate_267.png,MN592VFD2T
Plate_268.png,3LN1V
Plate_269.png,45QC1C
Plate_270.png,JVYQTM8T0
Plate_271.png,EC0W
Plate_272.png,KNG85A
Plate_273.png,9ZLQC
Plate_274.png,G9WQ
Plate_275.png,N87Z29ZT
Plate_276.png,IDI8
Plate_277.png,1E965AD
Plate_278.png,CJ6TC
Plate_279.png,FT3PMTG
Plate_280.png,0PCFR0G0
Plate_281.png,M1KMDUZ71R4
Plate_282.png,JDSKK3H15I
Plate_283.png,CZZ1W6
Plate_284.png,H4CHX
Plate_285.png,XNMZC49Y
Plate_286.png,4DRAY4UXYY
Plate_287.png,C2I9
Plate_288.png,861E1E5
Plate_289.png,KMKE
Plate_290.png,Y78DPQJT5YT
Plate_291.png,P4DMAT68ZDL
Plate_292.png,7KIHE5DP9
Plate_293.png,L2Z0NTE
Plate_294.png,6BX4
Plate_295.png,QP5XCH
Plate_296.png,QSCV
Plate_297.png,2VFE3U0JBB
Plate_298.png,UC3SS
Plate_299.png,3JZ85D0K4C
Plate_300.png,MPA9MU4WV
Plate_301.png,D65LMK
Plate_302.png,WWPE7E3BQNL
Plate_303.png,JWTM61W9
Plate_304.png,C5QV532
Plate_305.png,PHE5NP
Plate_306.png,I5K7EE
Plate_307.png,MRTEKNVFF
Plate_308.png,MKPQHQTP
Plate_309.png,SLXHSJS35V
Plate_310.png,3G1JYNXKV90
Plate_311.png,QJX4MNKEE
Plate_312.png,EHFSSRU
Plate_313.png,DTK52
Plate_314.png,6747X
Plate_315.png,72BET4JNKIV
Plate_316.png,08P13W
Plate_317.png,67T5
Plate_318.png,5GG1X0Y
Plate_319.png,4KKCH
Plate_320.png,8HI1N6WDJW
Plate_321.png,55MW
Plate_322.png,MGXGSE7
Plate_323.png,CGLNIS3CCT
Plate_324.png,MKR184ZWPPR
Plate_325.png,33XQ
Plate_326.png,L6T4GD
Plate_327.png,N8FBR7R
Plate_328.png,3ALWU
Plate_329.png,GQDNKP
Plate_330.png,0T3PRYK
Plate_331.png,9DUQE
Plate_332.png,FCWLMIHBH0T
Plate_333.png,5G6J
Plate_334.png,3275CMQ1
Plate_335.png,NV9VJ
Plate_336.png,3DHY1JC
Plate_337.png,UBZIAN1SI5
Plate_338.png,RPFZ0ITFUL1
Plate_339.png,PCSE6U
Plate_340.png,PA5YTKNB
Plate_341.png,R1Q6W9M1UNW
Plate_342.png,MLAB
Plate_343.png,91UP4MGT
Plate_344.png,07F3
Plate_345.png,PJ21DTGZGP7
Plate_346.png,83JV23DBJRQ
Plate_347.png,77R0LB
Plate_348.png,M9FIMTXN
Plate_349.png,NQP04WAVHMQ
Plate_350.png,9CDE
Plate_351.png,C6L0
Plate_352.png,0MCB
Plate_353.png,REHF5BGT1
Plate_354.png,ULYGS2KW82U
Plate_355.png,TZ5W93V7X8
Plate_356.png,3AT740
Plate_357.png,1NUA
Plate_358.png,Z3RNV4B9R7
Plate_359.png,RF4IAEVT
Plate_360.png,158EP26Q9
Plate_361.png,JC338QRJ
Plate_362.png,0IBEB3U
Plate_363.png,PWK4
Plate_364.png,FGNFR14VI
Plate_365.png,J8DJW
Plate_366.png,V3V6D3CV
Plate_367.png,DTL4EIA6CXT
Plate_368.png,LE3457NE
Plate_369.png,8EF9EPC
Plate_370.png,MD577VIKJT
Plate_371.png,9NRI4Z4V
Plate_372.png,Z89K5HHJ
Plate_373.png,9UEAFML
Plate_374.png,ITDR9RBH3VW
Plate_375.png,LGNDI
Plate_376.png,MKTQQSEFL
Plate_377.png,VXH5T7
Plate_378.png,07C4TFGZA5
Plate_379.png,M2W3IVQUCHI
Plate_380.png,TN8PG6H3
Plate_381.png,X8ER
Plate_382.png,9UXKVM
Plate_383.png,JX908DVW
Plate_384.png,3BTEGYUA7GA
Plate_385.png,46S0
Plate_386.png,R84SY6TACCN
Plate_387.png,2GPE3YX
Plate_388.png,EXP8J5D
Plate_389.png,76GK
Plate_390.png,6093
Plate_391.png,YS6T
Plate_392.png,AXN9
Plate_393.png,E5SK
Plate_394.png,SUFX1NPG3Q
Plate_395.png,93WC9N
Plate_396.png,QJMPCBV
Plate_397.png,72KM4U4MGN
Plate_398.png,KH1XKVFLKMJ
Plate_399.png,4VMRTQ
Plate_400.png,FZ74Q6FKJGY
Plate_401.png,X8F33XD3ML
Plate_402.png,D5VS7
Plate_403.png,AQZGW
Plate_404.png,7DIJ7XJN
Plate_405.png,DQIEWULC2Z2
Plate_406.png,ALSVJ16
Plate_407.png,IL55A3
Plate_408.png,5CADQJFMK
Plate_409.png,9DFKXV6
Plate_410.png,FQGV3I
Plate_411.png,G85G94E
Plate_412.png,6FV2F8
Plate_413.png,FLEQ3DYL
Plate_414.png,RSEZN
Plate_415.png,HUGRG32X
Plate_416.png,FFWVJD
Plate_417.png,HJ2FVM
Plate_418.png,CZIGND
Plate_419.png,R2B9KZE
Plate_420.png,R2WKJHSF3H
Plate_421.png,3561NCMPW
Plate_422.png,74EXJCIKE3
Plate_423.png,PXFYUIBF0MZ
Plate_424.png,RSJRPS
Plate_425.png,JNUVSKDPJ
Plate_426.png,HV7UEKY
Plate_427.png,RXIFKEJBWN9
Plate_428.png,1GCGD7PTW
Plate_429.png,T35LJ28
Plate_430.png,PI0M761I
Plate_431.png,J58W3RPCG6D
Plate_432.png,8Z64WIA
Plate_433.png,4SNMMRWFK
Plate_434.png,5VTF2YTU4M
Plate_435.png,B294JQA6WF
Plate_436.png,JEMR
Plate_437.png,VIHHAQ3N9T3
Plate_438.png,SB4B
Plate_439.png,TRWQCV2667X
Plate_440.png,X2ELU1D
Plate_441.png,X4C32
Plate_442.png,IHAXJK
Plate_443.png,0VRKF2VSBZC
Plate_444.png,W6IDGQ7YL5
Plate_445.png,JK6U9R
Plate_446.png,T0TK778Y9
Plate_447.png,50MJZN
Plate_448.png,7UUGSR9
Plate_449.png,FR9UVQCS
Plate_450.png,NZ93HVFU
Plate_451.png,SCMH
Plate_452.png,4JI4WLD0Q2D
Plate_453.png,9HCF4M
Plate_454.png,RWVQX2KWU
Plate_455.png,QFE2ALZHL1D
Plate_456.png,LTNK358
Plate_457.png,RSAVE
Plate_458.png,TGSXXI
Plate_459.png,PYMD
Plate_460.png,AI84KDHNKD2
Plate_461.png,E9HUCUSIKR
Plate_462.png,5GTV1
Plate_463.png,6R1BX
Plate_464.png,6J962H57
Plate_465.png,4K5TU
Plate_466.png,PARH2I0
Plate_467.png,5DT33F
Plate_468.png,QXBSLQM3
Plate_469.png,M6D5C5WT
Plate_470.png,YGI0DIDJM4Z
Plate_471.png,PJZIDJSLJM
Plate_472.png,2YG6ZGV
Plate_473.png,6GJPHFVW6Y
Plate_474.png,JPGHB
Plate_475.png,DU9EE455B
Plate_476.png,LD8NFB4T
Plate_477.png,IC8ALV6RF
Plate_478.png,Z9L2GI
Plate_479.png,DUCHS4D3JI
Plate_480.png,1MWMITR
Plate_481.png,GIAQ6
Plate_482.png,5V2RPMQTLL
Plate_483.png,SHI1YT7M
Plate_484.png,WG3CLFZIEJG
Plate_485.png,GRNGE3
Plate_486.png,MZ7E
Plate_487.png,XDER3VHVN
Plate_488.png,KLET
Plate_489.png,2RNMIWDRY
Plate_490.png,PQ993WEHR
Plate_491.png,TUR1P0A5
Plate_492.png,XKH9103SD5
Plate_493.png,XSP5K21QK
Plate_494.png,IG3KN8QQ6HI
Plate_495.png,ABPBVNNI
Plate_496.png,A8NG0W
Plate_497.png,IT5MQSV
Plate_498.png,313F
Plate_499.png,8KD4DKB
Plate_500.png,S72MCD
Plate_501.png,7N0ZDHMGX
Plate_502.png,NGB0
Plate_503.png,5ZLE
Plate_504.png,5617E7PL
Plate_505.png,V50BV
Plate_506.png,L39TDAI
Plate_507.png,1IP3HCXAEMV
Plate_508.png,1KI1V52
Plate_509.png,PAJYCHQL59J
Plate_510.png,GG220H
Plate_511.png,NS4AVUS1VL
Plate_512.png,VWE1RYM5
Plate_513.png,R1GQE1TM0VT
Plate_514.png,LB2D5
Plate_515.png,LC2S22A
Plate_516.png,41NEVE4
Plate_517.png,7KMIU71KZJ
Plate_518.png,TD4IZK6RG
Plate_519.png,6IWGKNT
Plate_520.png,RAD7TZZP7B
Plate_521.png,39X4A
Plate_522.png,TJ8LH9CWLSP
Plate_523.png,NPL3DUN4LF2
Plate_524.png,RCVC
Plate_525.png,HJAS
Plate_526.png,ETSFF9V
Plate_527.png,WE9JHWS8
Plate_528.png,TJZ86ED
Plate_529.png,RA4QS
Plate_530.png,5HYLN2KBR
Plate_531.png,JAAGZSLGLC
Plate_532.png,GB0M6PFAJ
Plate_533.png,Q2F8ATH59HM
Plate_534.png,E51376
Plate_535.png,51LYP5F
Plate_536.png,SZQTE2FF58
Plate_537.png,ND1QEN33PF
Plate_538.png,HR7J9X41T
Plate_539.png,BLJK542GN7
Plate_540.png,4N9PSX
Plate_541.png,58WD9AUG
Plate_542.png,9DC9V5
Plate_543.png,FMDIT
Plate_544.png,MPN9KR
Plate_545.png,5XMXIZP39
Plate_546.png,5GL4
Plate_547.png,RH0N
Plate_548.png,H7RF
Plate_549.png,XPY7TSFIVD6
Plate_550.png,Q73X6EIVE26
Plate_551.png,7XVJVTE
Plate_552.png,JMJ997IK
Plate_553.png,F4QP5JBVKW
Plate_554.png,EPC9S
Plate_555.png,VW2PTR2
Plate_556.png,0Q6A4F
Plate_557.png,Z564DP2VQ6
Plate_558.png,TQJ9FV02BDQ
Plate_559.png,IX16
Plate_560.png,NEMK9E
Plate_561.png,2JF6MH
Plate_562.png,02CLH
Plate_563.png,5G9WS253EJ
Plate_564.png,U4CC3GS6HEW
Plate_565.png,TK1I10CC9
Plate_566.png,QMBJI
Plate_567.png,XAYXH7
Plate_568.png,YITN
Plate_569.png,2RR5QWR6
Plate_570.png,NV966M78453
Plate_571.png,EZRKI1G1
Plate_572.png,M4ED
Plate_573.png,QSDCS0VL
Plate_574.png,5299M
Plate_575.png,D88NM6
Plate_576.png,D4YKG
Plate_577.png,YE5CUKTA5T
Plate_578.png,19JU43YX2
Plate_579.png,V4M35PV
Plate_580.png,NLUI7N48XHH
Plate_581.png,9IX8TE9
Plate_582.png,BW5ZK
Plate_583.png,8ZT7
Plate_584.png,6SGHTEDD1G6
Plate_585.png,FB0KMAC7W
Plate_586.png,GFW52W
Plate_587.png,LJ7D3SC9A
Plate_588.png,3QMR891PCG5
Plate_589.png,VXWCFJW
Plate_590.png,YRJPTT9W
Plate_591.png,TFLSGQBSWTN
Plate_592.png,H055WP
Plate_593.png,2KHDPQC
Plate_594.png,17GGB3
Plate_595.png,KKD4ISJ41
Plate_596.png,T886VSD6QVL
Plate_597.png,B3UM4F77
Plate_598.png,2TH98VIF
Plate_599.png,1V9DHV
Plate_600.png,2S7C8MV
Plate_601.png,3BCFYW
Plate_602.png,22R4
Plate_603.png,SFEZM
Plate_604.png,P341TLSPRV
Plate_605.png,Q33DYV2
Plate_606.png,5I3I9DF23J9
Plate_607.png,3FD1H8YT
Plate_608.png,EWIZYG5L
Plate_609.png,F8PVD
Plate_610.png,91B3ARD
Plate_611.png,FJTLAU
Plate_612.png,D7PDUNS3MYY
Plate_613.png,QM5ZWH16
Plate_614.png,X5HTY2D25Z
Plate_615.png,C7S8W
Plate_616.png,W0G5VN0
Plate_617.png,JC4UVCI
Plate_618.png,MZ7DWF6BQF7
Plate_619.png,2WCIPAAZSS
Plate_620.png,81756EJ
Plate_621.png,5LJE65C
Plate_622.png,HXU7
Plate_623.png,BAGLY
Plate_624.png,6MY0
Plate_625.png,237Q11VC
Plate_626.png,V55KVD
Plate_627.png,Q41810YN
Plate_628.png,CMTB
Plate_629.png,XCFUSB60IM3
Plate_630.png,E79NS55
Plate_631.png,Y8EZF7
Plate_632.png,F4NA1YHP
Plate_633.png,J81Y8MNWS
Plate_634.png,GFXJVVWYMY
Plate_635.png,F540J
Plate_636.png,FHZ36
Plate_637.png,D2ET
Plate_638.png,TDEHLUUH
Plate_639.png,TSEF
Plate_640.png,3J6LR741QI
Plate_641.png,396KNY4
Plate_642.png,NVYR0HG2
Plate_643.png,C7MM
Plate_644.png,XXNSW9JW
Plate_645.png,REW0
Plate_646.png,8BN36N
Plate_647.png,CBSYG8NI0G
Plate_648.png,6MGXV579HY
Plate_649.png,I9ZW8TCU9N7
Plate_650.png,0Q14C1
Plate_651.png,LBPBXTNS
Plate_652.png,CW8F
Plate_653.png,5LBBP
Plate_654.png,G9V4
Plate_655.png,N47KMWVZX99
Plate_656.png,21NF95
Plate_657.png,8J0AYGVW2N5
Plate_658.png,552BSVJ
Plate_659.png,71MQT3K4A
Plate_660.png,0KHNZ27BJJ
Plate_661.png,CFNGDM9Z1S
Plate_662.png,F05CZD1EIF
Plate_663.png,QH3NB3
Plate_664.png,H14MMCPE
Plate_665.png,2C8FLTGNKXW
Plate_666.png,9JDTQJVW
Plate_667.png,K21AFFZ
Plate_668.png,US9FFF5A
Plate_669.png,9NMLCL1F
Plate_670.png,EZ6L9ZDB
Plate_671.png,F1LYKP5LJHR
Plate_672.png,M9K3
Plate_673.png,4NSE5
Plate_674.png,JQ3K
Plate_675.png,J5TT
Plate_676.png,IPYB479
Plate_677.png,S356RF4D97L
Plate_678.png,A3X1HNDR5
Plate_679.png,71FHLV5
Plate_680.png,W0GGDP5617C
Plate_681.png,EIVKPCL7ZDJ
Plate_682.png,QWMKZ5PC2I
Plate_683.png,23UXJZX
Plate_684.png,K518R4N
Plate_685.png,4FB1V3
Plate_686.png,UPZDNM
Plate_687.png,W4APAP
Plate_688.png,E1I3QZ0LCAU
Plate_689.png,M6PW7NWBGJ9
Plate_690.png,R41K1G1H
Plate_691.png,GLB4
Plate_692.png,P60W0E9
Plate_693.png,EL00W
Plate_694.png,57R1
Plate_695.png,6MXQVKB9Y
Plate_696.png,ZE45K7I
Plate_697.png,ST0Y0MPL
Plate_698.png,XXREP9
Plate_699.png,BED0U
Plate_700.png,JK0IGBVD4
Plate_701.png,4XVCP
Plate_702.png,BYFV4D0BDL8
Plate_703.png,C9I9JVV8CH
Plate_704.png,UNNYGZPX5
Plate_705.png,PR258
Plate_706.png,FQZIBX
Plate_707.png,QH4BYY
Plate_708.png,SR0A
Plate_709.png,N6SBH1UU25
Plate_710.png,9AXJD8Y6
Plate_711.png,7M26TFVHT7
Plate_712.png,WSC5
Plate_713.png,MVF649B
Plate_714.png,UYBS7
Plate_715.png,VW7E0PHFFW3
Plate_716.png,FTCEIT8HB
Plate_717.png,3CRF9E1
Plate_718.png,NAPX29N5RI
Plate_719.png,322MPKKZ
Plate_720.png,1MGWXF8YD
Plate_721.png,KM4437
Plate_722.png,AJS6IE0G
Plate_723.png,WG88X
Plate_724.png,70C3Z8F3UT8
Plate_725.png,KIPZ6RRX
Plate_726.png,LEZW3
Plate_727.png,PKP9P
Plate_728.png,5SZ2HMKA
Plate_729.png,01LAL
Plate_730.png,EZTHAY
Plate_731.png,UMAYARET
Plate_732.png,0W8TCAS
Plate_733.png,52LR90IEJUV
Plate_734.png,WWIRT6I
Plate_735.png,BFIEZBB
Plate_736.png,KT38
Plate_737.png,XCPL89KA4M
Plate_738.png,31M2
Plate_739.png,Y0DHKV1
Plate_740.png,H5D6MSM
Plate_741.png,0BJJ1H0AN4S
Plate_742.png,K1T6A3P4
Plate_743.png,KY5FQ6
Plate_744.png,BLN7B7
Plate_745.png,A31ID8D52T
Plate_746.png,1G7DU5U7
Plate_747.png,8CD77
Plate_748.png,GYJN
Plate_749.png,7HST9U5K
Plate_750.png,2CP7PE1D
Plate_751.png,K2ZKRK
Plate_752.png,AFD133H1
Plate_753.png,IX5S6C
Plate_754.png,P8VM4H6GB5W
Plate_755.png,IR24P1HEG
Plate_756.png,YUER
Plate_757.png,N0MWCH
Plate_758.png,BA9H4YUC77
Plate_759.png,VIIL
Plate_760.png,I06UUA02M4
Plate_761.png,7XPJLLK
Plate_762.png,LVIMTX
Plate_763.png,WWKAAW3
Plate_764.png,IP85
Plate_765.png,GST4C5G7UC
Plate_766.png,VC8TF04
Plate_767.png,T99GJ7UF2
Plate_768.png,P24IJJ
Plate_769.png,X5WGNJT
Plate_770.png,R439SH7SG7Q
Plate_771.png,2FGC
Plate_772.png,WDUPF3
Plate_773.png,GKH6QT
Plate_774.png,3HPLQ9GV
Plate_775.png,V604JH95FGP
Plate_776.png,E5NYIQA1
Plate_777.png,U09F220
Plate_778.png,0ASWN6K1G0
Plate_779.png,WRI9CW4ZWU
Plate_780.png,XFYXMVW0XU4
Plate_781.png,Q58VGHYX2S
Plate_782.png,9ACC
Plate_783.png,12RKKD
Plate_784.png,T69J
Plate_785.png,N1BC1VCYMQS
Plate_786.png,VK4249MTN7
Plate_787.png,FG42PL6A
Plate_788.png,CGF0JH4C5BS
Plate_789.png,9R5K6I1
Plate_790.png,DPS59KICJJ
Plate_791.png,XJJHUH3WM
Plate_792.png,U4U6TSXNJP5
Plate_793.png,7X8UW0J
Plate_794.png,GDHQ
Plate_795.png,080L
Plate_796.png,PI73CUUX
Plate_797.png,WZUZLYUJM
Plate_798.png,EA6IA3ARDQ
Plate_799.png,JNQ2
Plate_800.png,YLGEXTA
Plate_801.png,51VE7
Plate_802.png,Y122
Plate_803.png,05FMQGT5Y
Plate_804.png,0DJT
Plate_805.png,A0FIJYI7
Plate_806.png,SUY9IQLKC
Plate_807.png,XJNLEUC4U
Plate_808.png,TGRQUKA
Plate_809.png,B10R
Plate_810.png,ZTY5W
Plate_811.png,LCKT5Y7S
Plate_812.png,TXKH
Plate_813.png,D6YYIR2C8
Plate_814.png,3I4Q6CU
Plate_815.png,ADQFYNB9ZI
Plate_816.png,HEEM9
Plate_817.png,MB1M
Plate_818.png,0WWFD4Z7Y
Plate_819.png,SDV5
Plate_820.png,1PYS8WH
Plate_821.png,I2HJTCGMXE8
Plate_822.png,V1NFWQMBN1
Plate_823.png,USUDTNV92UJ
Plate_824.png,DZENN6
Plate_825.png,TNHTV5U
Plate_826.png,CCYZS13R1X
Plate_827.png,U7HDH2C
Plate_828.png,MRIGC9P
Plate_829.png,PMWI5Q
Plate_830.png,BGUIW
Plate_831.png,YAP98HJ2C6
Plate_832.png,PWKUKMAB4
Plate_833.png,CZF4LJM6PB5
Plate_834.png,N45RZP0DW
Plate_835.png,7EA8ZEI
Plate_836.png,LNE091
Plate_837.png,3RDAINXU8M
Plate_838.png,D15L0M
Plate_839.png,NY7MUYTBE
Plate_840.png,HZHMJZ
Plate_841.png,SMGEP
Plate_842.png,6L6KJWKXSII
Plate_843.png,FC9Y
Plate_844.png,XZ32HDSY
Plate_845.png,MKCSBQZE28
Plate_846.png,0TVS5
Plate_847.png,BQIVY4LPS
Plate_848.png,KAWL8K9
Plate_849.png,A9IZ60E
Plate_850.png,1KGZVC7I1N
Plate_851.png,U3SVBW8DLP
Plate_852.png,6QGXB
Plate_853.png,D71DJ
Plate_854.png,7B2RFUE
Plate_855.png,844G
Plate_856.png,SFNNUD9HT
Plate_857.png,M6N5G
Plate_858.png,3WX4AQ01SY
Plate_859.png,BVN4RABE
Plate_860.png,7C88FIMX118
Plate_861.png,7850
Plate_862.png,49G2WZUB
Plate_863.png,NBZZJAVC3
Plate_864.png,AMI72
Plate_865.png,39TZD036E
Plate_866.png,JXBTZGCQT
Plate_867.png,I0CZT6LX
Plate_868.png,G5HGTDW6XYN
Plate_869.png,M3P0NHRUGT
Plate_870.png,F1DIB
Plate_871.png,TGEZ9A
Plate_872.png,GY656
Plate_873.png,IUAH09PZ
Plate_874.png,GLGYBNFQ01
Plate_875.png,XUQR08GLEIH
Plate_876.png,Y8PSKYRTPUP
Plate_877.png,SVHWANGFX
Plate_878.png,QZK2A
Plate_879.png,R0180
Plate_880.png,KV58E2S
Plate_881.png,J3AV5S
Plate_882.png,GBWVR8M
Plate_883.png,BEMWPVDXZC
Plate_884.png,4BWAEW
Plate_885.png,KM4EV59TJ
Plate_886.png,JE8HL4
Plate_887.png,PFQMN
Plate_888.png,E49CCJQCS4
Plate_889.png,UQMY01
Plate_890.png,MYLS73Q
Plate_891.png,NBAR0824LP
Plate_892.png,E9LPPUEX0R4
Plate_893.png,38FAZ
Plate_894.png,19PPLA
Plate_895.png,2W88JMWM4V6
Plate_896.png,MIISIBBP8X
Plate_897.png,2U8H4B
Plate_898.png,WUSEX2HV
Plate_899.png,71WG
Plate_900.png,9I5THY2Z
Plate_901.png,G01MYJX
Plate_902.png,MD0UD53WYK8
Plate_903.png,N294FTDL
Plate_904.png,KIIVK
Plate_905.png,3FFH36WT
Plate_906.png,YD1PJR6
Plate_907.png,U972MM0D8
Plate_908.png,W1Y1IUK
Plate_909.png,HV2NHIWM7I
Plate_910.png,ZSCV
Plate_911.png,FKDIB
Plate_912.png,6KC59RI9
Plate_913.png,0R57PK0382N
Plate_914.png,59BNF7M
Plate_915.png,PGDJ430S8C
Plate_916.png,NAUNE60LPC
Plate_917.png,GMLDXE
Plate_918.png,W4EBKXIXQ5
Plate_919.png,4HCR14
Plate_920.png,51FI34
Plate_921.png,3A6V1X5
Plate_922.png,UGNHT
Plate_923.png,A986Q6CQC
Plate_924.png,FJ1V
Plate_925.png,HBXVMP1AP7
Plate_926.png,RHYDIPAX
Plate_927.png,UPC5T
Plate_928.png,89UJ
Plate_929.png,RK9JS
Plate_930.png,VPW4RQCRP7
Plate_931.png,S2EP0UGY
Plate_932.png,B4YPR
Plate_933.png,S2P7XKAC
Plate_934.png,PZUM3
Plate_935.png,8KM11X5Z017
Plate_936.png,GPGM317VQK
Plate_937.png,SRSZN
Plate_938.png,TABKL
Plate_939.png,4BRDKU
Plate_940.png,1YI5KBENKK
Plate_941.png,MZZKBULMLJ
Plate_942.png,NWGFYS0XVI
Plate_943.png,K492VEC7UN
Plate_944.png,6YQE
Plate_945.png,5Q6KGCSAD
Plate_946.png,SHY25DRV6
Plate_947.png,VDX9D9YQHR
Plate_948.png,NIEP46V
Plate_949.png,II46H4
Plate_950.png,WUL1UJKJ
Plate_951.png,AHYU6R
Plate_952.png,ES63DDE1P9M
Plate_953.png,1LQ2QVK6EU
Plate_954.png,P6WZV8Y
Plate_955.png,5RCDLDK
Plate_956.png,YM2I8RV
Plate_957.png,I0J6ZN
Plate_958.png,3AAUB9
Plate_959.png,NCF6M
Plate_960.png,UL4IBTE4
Plate_961.png,VJWAJR
Plate_962.png,BR2QF3E375
Plate_963.png,4MBQ0IWQD
Plate_964.png,YEAAMEKGD78
Plate_965.png,2EBZ
Plate_966.png,S4L3D2F5K
Plate_967.png,ZEIGYZYJCE
Plate_968.png,RUQP713NU5
Plate_969.png,GHSW7I
Plate_970.png,VCJRTNHVZT
Plate_971.png,6WXX6B2XPR
Plate_972.png,T96T6NIW4X
Plate_973.png,LN69
Plate_974.png,JH00ELZII
Plate_975.png,49YJA1TITQ
Plate_976.png,RHYU2AU0C
Plate_977.png,KCPHUYY7
Plate_978.png,TJES7MXW6
Plate_979.png,Y4LA1UGF
Plate_980.png,F1FSU
Plate_981.png,9FRD
Plate_982.png,5WVBBWSXXW
Plate_983.png,377K
Plate_984.png,HP49VH1Q74
Plate_985.png,F4MI5SSC
Plate_986.png,V1WQ
Plate_987.png,4N7E4L
Plate_988.png,B74W7NI2E
Plate_989.png,IYXTM
Plate_990.png,S1CI11951Z
Plate_991.png,42EFSP
Plate_992.png,R8STEF
Plate_993.png,MWEMBY
Plate_994.png,31NHUT5
Plate_995.png,K8GF4
Plate_996.png,CT280DERSS
Plate_997.png,B7W375FWN
Plate_998.png,1GSHG
Plate_999.png,F8KE1WS0
Plate_1000.png,IK9HMGN41
Plate_1001.png,N0C96D
Plate_1002.png,666LP63DGR
Plate_1003.png,ND27ZU
Plate_1004.png,0XGVFHPXRV
Plate_1005.png,G64ECK8R5B
Plate_1006.png,BU76NDUU
Plate_1007.png,R9LLFL50
Plate_1008.png,49NWMY
Plate_1009.png,7YFRH
Plate_1010.png,86U6161VRBE
Plate_1011.png,LMHUT
Plate_1012.png,HYAMZ22XM
Plate_1013.png,7BZALQUZ2UN
Plate_1014.png,A503
Plate_1015.png,DBIE
Plate_1016.png,R30PHE8D
Plate_1017.png,DUT1X1
Plate_1018.png,7PS1NCP
Plate_1019.png,JATV9DF
Plate_1020.png,EDX3D
Plate_1021.png,SBNRJ6KGKF5
Plate_1022.png,TDUBDSLJ
Plate_1023.png,2AJ3JLRILV
Plate_1024.png,2W39N
Plate_1025.png,ISU4
Plate_1026.png,V8A3N6T2
Plate_1027.png,UPHD61LN4LL
Plate_1028.png,U7Q1FASZ
Plate_1029.png,8L4HZT
Plate_1030.png,VZKRE
Plate_1031.png,LCVHWFRSHZ
Plate_1032.png,WBCB5BB81
Plate_1033.png,Y2JGN0JM03
Plate_1034.png,4VLBVXUMT
Plate_1035.png,7MCA0SFK4G5
Plate_1036.png,CHFFBV4TN3
Plate_1037.png,YN7VYFZVRA
Plate_1038.png,3708GUFB
Plate_1039.png,0ZG96T5
Plate_1040.png,CRWL7
Plate_1041.png,KH1QBNMP
Plate_1042.png,0XH98FBPRV
Plate_1043.png,SI0H0D
Plate_1044.png,NF7HR
Plate_1045.png,YV8E5CA1P
Plate_1046.png,JBB5YA
Plate_1047.png,6U8ABCN54A
Plate_1048.png,1H61R571V
Plate_1049.png,U5B6HDX5V
Plate_1050.png,42V1QLSDRV
Plate_1051.png,87J4
Plate_1052.png,UMBRLK6I5
Plate_1053.png,C1TM7R9
Plate_1054.png,VK4ATHQ
Plate_1055.png,7ZTSAAB
Plate_1056.png,PYKNWRS
Plate_1057.png,JF43161M9J1
Plate_1058.png,K2E1G2
Plate_1059.png,PW25BSXE
Plate_1060.png,XDYQIWQ
Plate_1061.png,FU3ACHVM
Plate_1062.png,XZ7P0URP
Plate_1063.png,9BVF4K0W
Plate_1064.png,B5MX7TMIPP
Plate_1065.png,R0AY5Q53
Plate_1066.png,NE6F
Plate_1067.png,DWCJGG5
Plate_1068.png,US39
Plate_1069.png,35NM6EGNDB
Plate_1070.png,G09K2KINL
Plate_1071.png,089I01K13WJ
Plate_1072.png,YJ4H
Plate_1073.png,BQJ6NNK
Plate_1074.png,Z6EVKUC
Plate_1075.png,R0H43P4EK
Plate_1076.png,XF1LNQ
Plate_1077.png,E1G6TI7
Plate_1078.png,MPRJI04
Plate_1079.png,IUAVJ64
Plate_1080.png,4SQWF6HV
Plate_1081.png,3ZNKZU4V
Plate_1082.png,YGS42U5SRT
Plate_1083.png,A1QN1570
Plate_1084.png,E0YBN
Plate_1085.png,VGAN9P8Z2
Plate_1086.png,MQBT0
Plate_1087.png,43D8Q2K8NLP
Plate_1088.png,V7EED39L2K
Plate_1089.png,2GF08555VXN
Plate_1090.png,I0220HM24K
Plate_1091.png,C06JQK
Plate_1092.png,AWRL8U
Plate_1093.png,9TV4Y13
Plate_1094.png,XAFGX6
Plate_1095.png,4CM4TELJW
Plate_1096.png,4HCQ9JAHK2
Plate_1097.png,F0L4WQQC
Plate_1098.png,SKJFQRJ
Plate_1099.png,3LG4NWURZ
Plate_1100.png,1N1QTZUH
Plate_1101.png,RWRWVRG
Plate_1102.png,G53S7C2
Plate_1103.png,M61I
Plate_1104.png,VBPR3WY0GZR
Plate_1105.png,YCNVLAU0
Plate_1106.png,XQA8L8RXKKN
Plate_1107.png,LK2HVFH
Plate_1108.png,Y14TE
Plate_1109.png,BD80YPXXI
Plate_1110.png,S1WUQACB5
Plate_1111.png,VCEKUBIG3I
Plate_1112.png,B2HMX7T58
Plate_1113.png,VHQJEX
Plate_1114.png,PZNQFUX
Plate_1115.png,UCK9J
Plate_1116.png,QU8AUJAT39H
Plate_1117.png,P51D9FWFGBF
Plate_1118.png,XJM5
Plate_1119.png,RBHQW
Plate_1120.png,5ISR6
Plate_1121.png,U5J0SPIY
Plate_1122.png,Y9A8BATJ2
Plate_1123.png,CSLQU5X
Plate_1124.png,39QT4UN
Plate_1125.png,W625J2
Plate_1126.png,QZR38MU
Plate_1127.png,GG3BQN
Plate_1128.png,AI1X2C0
Plate_1129.png,G32WKLZ
Plate_1130.png,2XFIU8B5V2F
Plate_1131.png,I5C27LCWD1
Plate_1132.png,KQPM
Plate_1133.png,52HRS7JC
Plate_1134.png,YC5J6G
Plate_1135.png,BL8CP7Y65S
Plate_1136.png,CKWM
Plate_1137.png,HEYJ
Plate_1138.png,AZ9WCX98WZ
Plate_1139.png,PXTN
Plate_1140.png,85I7FAANQ9
Plate_1141.png,0G027CR42TB
Plate_1142.png,FU41PN27
Plate_1143.png,53AH1C177ZC
Plate_1144.png,GQK37K5L
Plate_1145.png,EHUDM5DB
Plate_1146.png,0EPNR9IQ
Plate_1147.png,Y3DSPLMH
Plate_1148.png,JSIUWPR5ECV
Plate_1149.png,KJHQ5NQ5TD5
Plate_1150.png,BX0K8VTZK9B
Plate_1151.png,18DDT
Plate_1152.png,YBF7JZ3M
Plate_1153.png,549XJJB9
Plate_1154.png,34SAPVP
Plate_1155.png,1VJ4EC3J8
Plate_1156.png,6T7IZY5N4W
Plate_1157.png,Z20T
Plate_1158.png,XJASR0
Plate_1159.png,K62Z9H4E
Plate_1160.png,YD52J0NRS5D
Plate_1161.png,RCIHJ0T
Plate_1162.png,929J9
Plate_1163.png,C9I4IRUIUD
Plate_1164.png,ANKSRW8
Plate_1165.png,3I3U
Plate_1166.png,EAVTQ
Plate_1167.png,PEUSK
Plate_1168.png,HN4QBRQE
Plate_1169.png,CYKRIS2W
Plate_1170.png,VZRCE1K
Plate_1171.png,Q0X6FMRTHT
Plate_1172.png,NXKDLBXLCPR
Plate_1173.png,HBA1YV
Plate_1174.png,LEUAJQR
Plate_1175.png,SV9VXXM5U
Plate_1176.png,MX894A5G
Plate_1177.png,KL8D74PK4
Plate_1178.png,RBT726
Plate_1179.png,VBMRIGV0M2
Plate_1180.png,YALDUWNL
Plate_1181.png,46G1V
Plate_1182.png,I80S
Plate_1183.png,LNT8ED5WK1
Plate_1184.png,N0WFQHXB
Plate_1185.png,GW8YFHA
Plate_1186.png,E4N61YND17P
Plate_1187.png,ACKSX83B4
Plate_1188.png,AWWI1C82Q0
Plate_1189.png,0XWEBL
Plate_1190.png,G4QBE26HG9
Plate_1191.png,FMMGC7
Plate_1192.png,X1R2DYW68
Plate_1193.png,UDGMR3B89
Plate_1194.png,9UH1I4KXQ8D
Plate_1195.png,TAGB9HXPVXS
Plate_1196.png,M6WUNGSQ
Plate_1197.png,ULK1DEM
Plate_1198.png,FT9ZB6GHB0
Plate_1199.png,1E7D9V6S7
Plate_1200.png,E4CE896G
Plate_1201.png,JE8F
Plate_1202.png,D05R9WM
Plate_1203.png,L45E7V
Plate_1204.png,V2AACZ1
Plate_1205.png,A726HBGZ
Plate_1206.png,0F52PU
Plate_1207.png,222QU3WFB
Plate_1208.png,KKE04
Plate_1209.png,NTPQ7C2A7
Plate_1210.png,BJDDVN3Q1U
Plate_1211.png,MTBPQKWHW
Plate_1212.png,N29S
Plate_1213.png,JDA1K9
Plate_1214.png,WDKL0U
Plate_1215.png,ZB3JM66PBD
Plate_1216.png,JNJ9J7
Plate_1217.png,8DSQXH
Plate_1218.png,ZEE8B6Q
Plate_1219.png,HMTVM9AUYRE
Plate_1220.png,914PTCMIV4
Plate_1221.png,UM2Q9A5I
Plate_1222.png,HI0VX
Plate_1223.png,VT6U
Plate_1224.png,Z9JLGBVF2
Plate_1225.png,7IIQMLM0ENT
Plate_1226.png,GAMIBWJMN
Plate_1227.png,A2JUBG4
Plate_1228.png,98A4WV
Plate_1229.png,IMDHUIXR
Plate_1230.png,KLI14AXUNG
Plate_1231.png,8Y19TEIDS
Plate_1232.png,2UCXSDTW4RX
Plate_1233.png,5HC1C
Plate_1234.png,GF19CQZZU6W
Plate_1235.png,A0KPMCEAY
Plate_1236.png,S300WGL
Plate_1237.png,6M0AFJS0VWC
Plate_1238.png,665W75MAV
Plate_1239.png,9Z7UG9LT8V
Plate_1240.png,T4E4
Plate_1241.png,HVTH
Plate_1242.png,MHYAHSB
Plate_1243.png,6CWYC
Plate_1244.png,WK3JVH4
Plate_1245.png,DHITEJDG8AM
Plate_1246.png,YWC7BNZWMGF
Plate_1247.png,DBF08847X
Plate_1248.png,RPG6IBJ
Plate_1249.png,J9XFE05SDC
Plate_1250.png,F0Q78
Plate_1251.png,NZLZAI70K7R
Plate_1252.png,PYG2SAB
Plate_1253.png,GSY9T7VWST
Plate_1254.png,JB9V
Plate_1255.png,922CT
Plate_1256.png,Z8W2UEURA9L
Plate_1257.png,RF7TVSY
Plate_1258.png,12VSR0
Plate_1259.png,GXF6605GE2
Plate_1260.png,DDD1C
Plate_1261.png,MQU6DJFJ728
Plate_1262.png,1ZN35ARVZGZ
Plate_1263.png,CLDYPZA6I6
Plate_1264.png,DZH8
Plate_1265.png,RGGN
Plate_1266.png,97JJ519
Plate_1267.png,RKWYXER
Plate_1268.png,LZ89PN
Plate_1269.png,B026YR
Plate_1270.png,0AQQ65
Plate_1271.png,6UZ02HALZ9
Plate_1272.png,GN07N1Y
Plate_1273.png,QWHLF
Plate_1274.png,BX7W8FM
Plate_1275.png,60Q400Q5D3
Plate_1276.png,DDP5W82
Plate_1277.png,YTIGL41
Plate_1278.png,1VM6M
Plate_1279.png,PMGZ6FLYVQ
Plate_1280.png,LHEXGIZ
Plate_1281.png,K6U68AMKF
Plate_1282.png,GXP1B61WW
Plate_1283.png,LATDMERTS8
Plate_1284.png,1R6PU51F0WZ
Plate_1285.png,N15JQ
Plate_1286.png,NQSJS66ED53
Plate_1287.png,3VF1WLV
Plate_1288.png,S020
Plate_1289.png,ACDF8XUTJ8
Plate_1290.png,VVPB4ZS3CGS
Plate_1291.png,GKV1CUV71AY
Plate_1292.png,4AGFGIUH
Plate_1293.png,KA2B3MKH
Plate_1294.png,2B643PCQK6
Plate_1295.png,MGRVEGMPLTY
Plate_1296.png,P82A8Y7N
Plate_1297.png,6QXVCXS
Plate_1298.png,7I1PEHN18
Plate_1299.png,6UK4HV1
Plate_1300.png,H73XZ128QQN
Plate_1301.png,V3RSBVRXGY
Plate_1302.png,03CE0A0DAQX
Plate_1303.png,5FBG6LAB
Plate_1304.png,8YEF
Plate_1305.png,1DD8
Plate_1306.png,XQJP
Plate_1307.png,0U9W
Plate_1308.png,4EYLFIQKC04
Plate_1309.png,7UHQQ9I31
Plate_1310.png,R9WS6QYHC
Plate_1311.png,KFV1ZR3
Plate_1312.png,04617
Plate_1313.png,W23C5DZL1
Plate_1314.png,PJF0IZ0
Plate_1315.png,ZWIE3EFRKQT
Plate_1316.png,DXEVCGB6IZU
Plate_1317.png,YKUXP4V
Plate_1318.png,WYLI
Plate_1319.png,EC766J
Plate_1320.png,P4T1P6
Plate_1321.png,K8TUWS
Plate_1322.png,LYF4
Plate_1323.png,H08TSDWYW
Plate_1324.png,XUIE4
Plate_1325.png,31PVGV
Plate_1326.png,3DC6D
Plate_1327.png,AJJ0IC
Plate_1328.png,EZ5PWY
Plate_1329.png,VMH4EJK5XW
Plate_1330.png,S8MHM
Plate_1331.png,TJYJQS
Plate_1332.png,TMERIPBSPW
Plate_1333.png,P4B8UEUX8
Plate_1334.png,6WCSF
Plate_1335.png,H8ZK8Y2J
Plate_1336.png,7TTPUE0Q0KH
Plate_1337.png,29N0PQA3B5X
Plate_1338.png,MS2U0PE0U
Plate_1339.png,TF2X8
Plate_1340.png,94XH7CVMEW
Plate_1341.png,VFZ2G7
Plate_1342.png,BSYFW1C0
Plate_1343.png,95G4Y
Plate_1344.png,A0Z4NPW5PE
Plate_1345.png,3EVKTD
Plate_1346.png,CMNYVJ
Plate_1347.png,732MMP8C0S
Plate_1348.png,3UJN
Plate_1349.png,NI6I3
Plate_1350.png,VJIQ4Z8M4J4
Plate_1351.png,RZSM4
Plate_1352.png,C653D0NX
Plate_1353.png,DZ1Y6Q
Plate_1354.png,J5H1HKES54
Plate_1355.png,ULH53MG
Plate_1356.png,8CN0D
Plate_1357.png,3XQR52KZTT
Plate_1358.png,ANKWDYP8
Plate_1359.png,4YDQ4AUL8
Plate_1360.png,I0PA0JB2Q
Plate_1361.png,YXHKER2
Plate_1362.png,MP71Z
Plate_1363.png,BWMX5B0B8
Plate_1364.png,HUNN2ZE
Plate_1365.png,G5T6US
Plate_1366.png,7MSFXFR5RS
Plate_1367.png,EE9P8I
Plate_1368.png,REFSYND867Q
Plate_1369.png,UQDAQ1GJP7
Plate_1370.png,VGH8ST
Plate_1371.png,MBP2KMYQ
Plate_1372.png,C07LL
Plate_1373.png,KJ0L1N55
Plate_1374.png,58B8XIE
Plate_1375.png,7EYK7G6I
Plate_1376.png,0BPALG
Plate_1377.png,1EPTKLKP
Plate_1378.png,RWE81
Plate_1379.png,UM8EPM9DQNN
Plate_1380.png,1PTU
Plate_1381.png,ILQ25
Plate_1382.png,I8GQU6KG7EZ
Plate_1383.png,M5V28EX
Plate_1384.png,YZAVH7AK9JZ
Plate_1385.png,T17KZXH
Plate_1386.png,QR5H
Plate_1387.png,JBJ1A
Plate_1388.png,H0AG
Plate_1389.png,Q5KJ33X3AU
Plate_1390.png,ZSTY7FIG
Plate_1391.png,CZ78JJK1
Plate_1392.png,HDKG
Plate_1393.png,RGBS
Plate_1394.png,RJLKY63AVU
Plate_1395.png,755UZ0FWM
Plate_1396.png,K7PDCU
Plate_1397.png,3XYR3LU1YH
Plate_1398.png,EU234SVU
Plate_1399.png,GRQ6BS1JC1
Plate_1400.png,9KEQUY9V
Plate_1401.png,ETDGG066RP
Plate_1402.png,ZKFXL3MPYK3
Plate_1403.png,TAEB8K
Plate_1404.png,0YDFT
Plate_1405.png,HWV23BD
Plate_1406.png,2QCJQWZ
Plate_1407.png,Q7I3WXS0SH1
Plate_1408.png,KEYZ2K
Plate_1409.png,84ZH3G5
Plate_1410.png,KHXZZ
Plate_1411.png,IZSVPK
Plate_1412.png,N45X
Plate_1413.png,ZTVAMW
Plate_1414.png,X4KG6H5S
Plate_1415.png,BM10F
Plate_1416.png,NQK2T83
Plate_1417.png,TH0Z
Plate_1418.png,X26DD6
Plate_1419.png,1GT44SE
Plate_1420.png,U6LAR2V
Plate_1421.png,7MGGA7
Plate_1422.png,HLIGE5MYI87
Plate_1423.png,B5S4H
Plate_1424.png,IFG8LL3
Plate_1425.png,3Q692QFX2ZT
Plate_1426.png,042XICCJS9
Plate_1427.png,XT0VJNIU
Plate_1428.png,JH5R
Plate_1429.png,KWLH8G7
Plate_1430.png,96F7
Plate_1431.png,JYH4VEQF0
Plate_1432.png,VFG9NPE0PWM
Plate_1433.png,6LA7
Plate_1434.png,Z246
Plate_1435.png,7PDEJQ
Plate_1436.png,06T6
Plate_1437.png,E41Z
Plate_1438.png,KI5D3A0
Plate_1439.png,WX0IP4CT
Plate_1440.png,0F8IITN7B
Plate_1441.png,PUBIGJQ4H5
Plate_1442.png,4MXF7
Plate_1443.png,ZAA4DY2JPJ8
Plate_1444.png,6JTD
Plate_1445.png,8QT899Q
Plate_1446.png,XFRFHG39C3U
Plate_1447.png,ZG0GYLQ4B
Plate_1448.png,19993BWAYV
Plate_1449.png,VZIKK2PTXW
Plate_1450.png,2UDHR0HX
Plate_1451.png,4BL5QIZHD
Plate_1452.png,ZUJEK
Plate_1453.png,B63J52LJK6
Plate_1454.png,YTMIH
Plate_1455.png,YM18P4FG
Plate_1456.png,EN9A7LCA4U8
Plate_1457.png,9RUU
Plate_1458.png,B5LXXQC
Plate_1459.png,DE2D8
Plate_1460.png,2LKTAZQ
Plate_1461.png,IWHR
Plate_1462.png,V6U4GDH
Plate_1463.png,CAR26ACAL
Plate_1464.png,2MUB11W
Plate_1465.png,FYRTMW6LK
Plate_1466.png,FZVB
Plate_1467.png,BU03C
Plate_1468.png,X0XYAW46
Plate_1469.png,X1SQI9N5
Plate_1470.png,LMQ5A6WZJE
Plate_1471.png,WQTVVFULKVT
Plate_1472.png,3DXELQ0G
Plate_1473.png,URQBU
Plate_1474.png,ZJ85HT2T
Plate_1475.png,4NM2ASBMI7
Plate_1476.png,2G9A9CDAJ
Plate_1477.png,3SLTJR7
Plate_1478.png,6HZ6
Plate_1479.png,D6UVWZN
Plate_1480.png,2ZRQ2K
Plate_1481.png,1ZA96V05
Plate_1482.png,3E0Z7FPNLT3
Plate_1483.png,30GAQBZS
Plate_1484.png,5B34
Plate_1485.png,PWH7TPRPAZ
Plate_1486.png,LL74
Plate_1487.png,M3JJKGZ
Plate_1488.png,YSHC
Plate_1489.png,E7K66KG46BC
Plate_1490.png,DHL6F8
Plate_1491.png,7CQEV2K
Plate_1492.png,TX0DP
Plate_1493.png,TAMUH
Plate_1494.png,FXIDDB472Z1
Plate_1495.png,QBQ7
Plate_1496.png,LK0ZRB6VM
Plate_1497.png,YPAMRSXXAT
Plate_1498.png,HGP6P65
Plate_1499.png,58ZHHVQG
Plate_1500.png,F2IQE8A
Plate_1501.png,XT4T
Plate_1502.png,JHLVATF
Plate_1503.png,D6MKUS
Plate_1504.png,LVMKBJNMW
Plate_1505.png,R9ITQ0L
Plate_1506.png,U45LM49Z
Plate_1507.png,L4XKVENGSZ
Plate_1508.png,WBD9W6RCV3
Plate_1509.png,Y0JX0Y
Plate_1510.png,HM3H42ES
Plate_1511.png,0USW94WKP
Plate_1512.png,V37X2B02Q
Plate_1513.png,1B6Q67Q3
Plate_1514.png,FKVSJZR
Plate_1515.png,UU222BHLBZZ
Plate_1516.png,MRU07S52CL
Plate_1517.png,5H4B2U5U2FH
Plate_1518.png,STSUSS2
Plate_1519.png,MX1GEAXV6
Plate_1520.png,JAHK9UKR
Plate_1521.png,VKCS0D6
Plate_1522.png,KMAYRUA
Plate_1523.png,MQH9
Plate_1524.png,G6GLJA2SZL
Plate_1525.png,6G0YSS3VF
Plate_1526.png,K4P4U
Plate_1527.png,FS81
Plate_1528.png,ZZ17P24P1
Plate_1529.png,9KFKJ9IR
Plate_1530.png,SF9UMPZ466E
Plate_1531.png,6JX6S2
Plate_1532.png,XHNWTT2
Plate_1533.png,684W
Plate_1534.png,RP9Q50D
Plate_1535.png,BQ9QNX2KB
Plate_1536.png,GWMQVT
Plate_1537.png,4Z86
Plate_1538.png,0MMU6
Plate_1539.png,1MLN78
Plate_1540.png,8D2WNFNRN13
Plate_1541.png,MJ0F6QYPE
Plate_1542.png,2ERK55A6
Plate_1543.png,PCA4UMSA
Plate_1544.png,X7KJ
Plate_1545.png,DLFDADM1Q
Plate_1546.png,I173BQU63T5
Plate_1547.png,W9VI69B0
Plate_1548.png,PXIVLA
Plate_1549.png,SHSED02J
Plate_1550.png,VVPEFZW7Q
Plate_1551.png,M2TTYD19
Plate_1552.png,SJ02HYLWX
Plate_1553.png,A2I1QCHDU9D
Plate_1554.png,GMSN1
Plate_1555.png,2A7KI3XSYPA
Plate_1556.png,X22WAIQ
Plate_1557.png,QLBHQ1W0F
Plate_1558.png,JVMSHI3
Plate_1559.png,LWL1
Plate_1560.png,78T6BSKG57
Plate_1561.png,9UATG
Plate_1562.png,URS00
Plate_1563.png,1GEH
Plate_1564.png,718RW
Plate_1565.png,QWTQ67P
Plate_1566.png,S4C5IP5LWF
Plate_1567.png,JRZVSMP3B8
Plate_1568.png,9J3ZKIK60C
Plate_1569.png,DUISCYDE
Plate_1570.png,ZNSDZD
Plate_1571.png,1HXVR3
Plate_1572.png,YFIP3
Plate_1573.png,9BPK8TXZ1
Plate_1574.png,TJCK1YGU4M
Plate_1575.png,L5F40I9
Plate_1576.png,9FIBJTHZTVC
Plate_1577.png,QKWGCZX7D
Plate_1578.png,Y5KASS
Plate_1579.png,FIQWFYPAV
Plate_1580.png,YMIQ
Plate_1581.png,ZYA65BDBUKR
Plate_1582.png,LDUB
Plate_1583.png,XIBVRWF
Plate_1584.png,AVIA7
Plate_1585.png,J971K3X4
Plate_1586.png,MEQC7X
Plate_1587.png,8E48ZV
Plate_1588.png,JXU1
Plate_1589.png,RV91PW59NT
Plate_1590.png,1W30AJC
Plate_1591.png,Y4Q8YS4I
Plate_1592.png,JT11W
Plate_1593.png,79100D46
Plate_1594.png,DWF0
Plate_1595.png,PMYWETYVWT5
Plate_1596.png,LIIV
Plate_1597.png,VK6RJBEF8
Plate_1598.png,KBZ64CR5YV
Plate_1599.png,HIYWVS
Plate_1600.png,4HHH2WEEK8
Plate_1601.png,A9JNQFLZKXU
Plate_1602.png,25H7SWLBG
Plate_1603.png,1VT5T
Plate_1604.png,QCHA3
Plate_1605.png,GNN3
Plate_1606.png,QUFVQ84HLH0
Plate_1607.png,GPTH6JVQUI
Plate_1608.png,KA7825
Plate_1609.png,77AICQTAA
Plate_1610.png,NH7AGFL
Plate_1611.png,7G8U
Plate_1612.png,M2A9SM
Plate_1613.png,L43H
Plate_1614.png,A3YE6Y1MFI
Plate_1615.png,1T8H2SDE1GY
Plate_1616.png,SS7G1G
Plate_1617.png,7ZJ433
Plate_1618.png,0FJ2E
Plate_1619.png,75HAE
Plate_1620.png,0TZPK1EM
Plate_1621.png,607EVKS
Plate_1622.png,JBCQ2ZU65
Plate_1623.png,VG1IA9U4
Plate_1624.png,FHQFSQIR
Plate_1625.png,4QWMX
Plate_1626.png,FPKQNJ
Plate_1627.png,GAEY9SB7217
Plate_1628.png,D2NGLE8PULY
Plate_1629.png,A5U5D
Plate_1630.png,ZC84Y1W
Plate_1631.png,BELCTD
Plate_1632.png,11TGN
Plate_1633.png,4UTHTM
Plate_1634.png,LQCX1D6
Plate_1635.png,F02NR2K4I
Plate_1636.png,P0FYXW91U
Plate_1637.png,PCEBPW31BHT
Plate_1638.png,N1QQZ07
Plate_1639.png,Y6A6PC
Plate_1640.png,NW2Q
Plate_1641.png,PK2ZB
Plate_1642.png,U8RW9BM
Plate_1643.png,6SS840E
Plate_1644.png,8ZAA823PKPW
Plate_1645.png,0I43E6UK2
Plate_1646.png,PUDZZSD92N
Plate_1647.png,WQ3H7CDVS
Plate_1648.png,FF23KEM7ET
Plate_1649.png,LR0G
Plate_1650.png,G00TP8
Plate_1651.png,RRNSQQ1Q
Plate_1652.png,Z0FJ9JV3F
Plate_1653.png,K64PAKU0Y0Z
Plate_1654.png,705K6E75
Plate_1655.png,ADKQ6K7LIB
Plate_1656.png,BUVDMF6VKWM
Plate_1657.png,LM8D7I4HWU
Plate_1658.png,629L67
Plate_1659.png,BTBMLHU
Plate_1660.png,D04CB5WD
Plate_1661.png,4RQBLJK8Z
Plate_1662.png,K97VESVGMV
Plate_1663.png,4P0P6C
Plate_1664.png,8SIWF4P
Plate_1665.png,17LNRBZ0
Plate_1666.png,TMSF
Plate_1667.png,I2XCI3BG8D
Plate_1668.png,KPWPEVG29
Plate_1669.png,1PWX
Plate_1670.png,JZ7QQ2X3
Plate_1671.png,BR55
Plate_1672.png,B5GYK
Plate_1673.png,YP8Z6TP
Plate_1674.png,JAIB92HTWM
Plate_1675.png,T8QMCY3X
Plate_1676.png,04VZ4EDNWBL
Plate_1677.png,2XKTVI
Plate_1678.png,M9ZW6
Plate_1679.png,RXID14I
Plate_1680.png,3JRBT
Plate_1681.png,YW68T8XV
Plate_1682.png,27IV7XHEGE
Plate_1683.png,ZTGTEEGU
Plate_1684.png,D9P7
Plate_1685.png,W6PDI
Plate_1686.png,AAPGEL88XC
Plate_1687.png,YAQ14B
Plate_1688.png,YMFET
Plate_1689.png,V71HM9KIAY5
Plate_1690.png,LKW9BX
Plate_1691.png,APJ5RE
Plate_1692.png,ZFFC2RRKK
Plate_1693.png,S4YPI2ID9
Plate_1694.png,IHEBDTW
Plate_1695.png,4GJVE
Plate_1696.png,UF88YKRPWWV
Plate_1697.png,PRCCK1
Plate_1698.png,D1V1Y
Plate_1699.png,9Z7W85N
Plate_1700.png,X2HHIPU
Plate_1701.png,AEMV9GTDMZD
Plate_1702.png,TCE5MMBAF
Plate_1703.png,VRGVF5GRP
Plate_1704.png,K2FP
Plate_1705.png,W44LWJCJ
Plate_1706.png,AQDJ20DX
Plate_1707.png,ZIS0GU4
Plate_1708.png,88198B
Plate_1709.png,NWTPD253
Plate_1710.png,VV5Y0EVFE7E
Plate_1711.png,JZEEPQ0
Plate_1712.png,T0NA9YPD
Plate_1713.png,3LPYTR2BKV
Plate_1714.png,LR1D
Plate_1715.png,2MIGDEQ
Plate_1716.png,FK34SJ1
Plate_1717.png,YD8PGF7KX
Plate_1718.png,ZHTX2
Plate_1719.png,6ZIP8DSNML
Plate_1720.png,R1XBD7PWHV
Plate_1721.png,4JU83E4R1S
Plate_1722.png,WKFWZ3WPT
Plate_1723.png,65F7TGV7
Plate_1724.png,381A4XBS
Plate_1725.png,BR3WHJ
Plate_1726.png,1VY0
Plate_1727.png,PT27
Plate_1728.png,0D7VJJT56V
Plate_1729.png,EANP085U85
Plate_1730.png,L6YUHQNP
Plate_1731.png,YUM33ELSV4
Plate_1732.png,K98GL1
Plate_1733.png,NYJIAP2
Plate_1734.png,0ET9
Plate_1735.png,K2QHV9V
Plate_1736.png,RW7D
Plate_1737.png,MWZ5EYY53
Plate_1738.png,0PJPG
Plate_1739.png,M9KTN5S
Plate_1740.png,AR6I2C
Plate_1741.png,C9BQDSA7HY
Plate_1742.png,326AWQR
Plate_1743.png,1PAFZ3I
Plate_1744.png,W9GWB942
Plate_1745.png,BQKM1TY57EV
Plate_1746.png,LIBMTRH
Plate_1747.png,4UJJ40IH
Plate_1748.png,3HPXY73Y7C
Plate_1749.png,9FMBKVA6I8
Plate_1750.png,4UNQ
Plate_1751.png,6VWJIQ
Plate_1752.png,YXPCPV
Plate_1753.png,3M02FB
Plate_1754.png,2M3SQN3BU
Plate_1755.png,0RY9T9AP93L
Plate_1756.png,C7YXLJLQ3HD
Plate_1757.png,V2SNXXXX5
Plate_1758.png,RHFZ56S8GL
Plate_1759.png,HRMD
Plate_1760.png,ZELC
Plate_1761.png,WJQXXY
Plate_1762.png,XT7FXRC87T
Plate_1763.png,RUNR
Plate_1764.png,YVRIRA
Plate_1765.png,9XQI8EIDV
Plate_1766.png,089Y
Plate_1767.png,K1JMYX
Plate_1768.png,TGFGG
Plate_1769.png,5VPK2RWHPQ
Plate_1770.png,2EI2LYW6WCB
Plate_1771.png,WIQVK
Plate_1772.png,GKW5R55N
Plate_1773.png,D0XEFEN50IW
Plate_1774.png,8HKIYDD
Plate_1775.png,R1BVSA0WX1Q
Plate_1776.png,CD4A
Plate_1777.png,U162ILFK
Plate_1778.png,DS0908Y6
Plate_1779.png,3VHRIF3A04
Plate_1780.png,4PQ52
Plate_1781.png,2UN0GFTD37
Plate_1782.png,T8R0F7KC2AR
Plate_1783.png,JL01RHBIA
Plate_1784.png,AXCR3NNJ3
Plate_1785.png,2L8ZTN60TDS
Plate_1786.png,U3XZZ6JW9
Plate_1787.png,ID2ZW
Plate_1788.png,VYS7RB
Plate_1789.png,E6TABWSQR62
Plate_1790.png,8BEE
Plate_1791.png,ZFSFBDZ32E
Plate_1792.png,YGGH2FRLZ
Plate_1793.png,DIEV
Plate_1794.png,XM40D648
Plate_1795.png,D0E4H
Plate_1796.png,V63RWHGLIP
Plate_1797.png,UHL40R3QLWH
Plate_1798.png,Y0N10UTXM1
Plate_1799.png,UET1SQD
Plate_1800.png,LZKYX
Plate_1801.png,J1NNVVA2V
Plate_1802.png,912VP2PGQL
Plate_1803.png,4SFG
Plate_1804.png,VRU1YRVT
Plate_1805.png,HIYIXS
Plate_1806.png,D8PLGWM
Plate_1807.png,WX4GHQRJ
Plate_1808.png,1TGZCEIX
Plate_1809.png,WJNFMVX
Plate_1810.png,HGRBXIQX5BG
Plate_1811.png,BTBM
Plate_1812.png,P70KWHMNS
Plate_1813.png,B5W9RQ
Plate_1814.png,TNFVBKR367P
Plate_1815.png,R31NB
Plate_1816.png,4P56BR1W
Plate_1817.png,LKQX
Plate_1818.png,342ZWW40
Plate_1819.png,61EX
Plate_1820.png,ZQEGK8DT
Plate_1821.png,J43X5PGG
Plate_1822.png,CIWUBKPWR
Plate_1823.png,LAT55
Plate_1824.png,BC0D
Plate_1825.png,IZRRWG
Plate_1826.png,68BPW8UP
Plate_1827.png,7MRW0
Plate_1828.png,888JKAB
Plate_1829.png,TN0L
Plate_1830.png,HTET7UD
Plate_1831.png,LJYI5I4
Plate_1832.png,BFRJ4JGPRJ
Plate_1833.png,GA2174KYG
Plate_1834.png,6SY593YX6
Plate_1835.png,89MB
Plate_1836.png,2U29J
Plate_1837.png,UYA0G9DU
Plate_1838.png,T47CI
Plate_1839.png,TKPW
Plate_1840.png,CR086T9
Plate_1841.png,BB1JXJF6M1U
Plate_1842.png,8EAKY6
Plate_1843.png,WR5XI67GZRN
Plate_1844.png,LJBDRSN6
Plate_1845.png,NB0C7V80PE
Plate_1846.png,E8SUEGVJ0
Plate_1847.png,P4DTP9RX32
Plate_1848.png,E8C2KF
Plate_1849.png,ACCPP
Plate_1850.png,2TPZ
Plate_1851.png,WD32760SREK
Plate_1852.png,XYGLR8
Plate_1853.png,XX42I
Plate_1854.png,RDIB29YM3
Plate_1855.png,8T2W3PMX
Plate_1856.png,KWRR6
Plate_1857.png,ZQC6TFA5
Plate_1858.png,A794GNM
Plate_1859.png,WITC
Plate_1860.png,4BF4262MIIZ
Plate_1861.png,B231
Plate_1862.png,F6YNU0V
Plate_1863.png,FY7N
Plate_1864.png,05Z5H6BSR
Plate_1865.png,9LQVM
Plate_1866.png,DHN9HIC7U
Plate_1867.png,HW7KX9BMDFK
Plate_1868.png,2NEGY7E
Plate_1869.png,HLGI
Plate_1870.png,NDU36CD4
Plate_1871.png,2YLBZJ8HPVU
Plate_1872.png,K3LXZZ
Plate_1873.png,GDVS
Plate_1874.png,1EMXUME
Plate_1875.png,7FBU5
Plate_1876.png,7IP0MME71
Plate_1877.png,ZYXRFU
Plate_1878.png,WEH86
Plate_1879.png,RB2ZX80RM
Plate_1880.png,XHGG2M
Plate_1881.png,F6NL16Z
Plate_1882.png,ZQUZC7K6WG
Plate_1883.png,62U8Y
Plate_1884.png,CC7LEVNBX
Plate_1885.png,7TK6WI9V3
Plate_1886.png,YV6BEBSB7
Plate_1887.png,4FW1KFY
Plate_1888.png,W5GQU3G
Plate_1889.png,Z9PU
Plate_1890.png,0JVZRBV6
Plate_1891.png,MUZL8
Plate_1892.png,6J7BJUT
Plate_1893.png,WNNF
Plate_1894.png,YVQFXA6X8SD
Plate_1895.png,9SUS44NC
Plate_1896.png,3Z2KZY0H
Plate_1897.png,72CLKKUS
Plate_1898.png,22LJFT1U
Plate_1899.png,48K2T7YK
Plate_1900.png,0HFZ
Plate_1901.png,CZYAZ
Plate_1902.png,Q5LVW
Plate_1903.png,HLVLDIEWHYC
Plate_1904.png,A75XL
Plate_1905.png,G0XBL3TU80X
Plate_1906.png,AJFS92SX1
Plate_1907.png,CXK11JCY
Plate_1908.png,BW3HU8T
Plate_1909.png,EJ64JNVM
Plate_1910.png,SYZ0
Plate_1911.png,NQW06VA3
Plate_1912.png,CLL02ENYC
Plate_1913.png,PR0ZR62Z
Plate_1914.png,6LBRRSY
Plate_1915.png,310SG6P
Plate_1916.png,WU70J242F7
Plate_1917.png,YJ3FUG
Plate_1918.png,65QEE
Plate_1919.png,NSSQQ8B3ZW
Plate_1920.png,W4FM
Plate_1921.png,B4D5Y8ARK
Plate_1922.png,0XQRJBN70ZC
Plate_1923.png,L42I43B7TY
Plate_1924.png,40X4
Plate_1925.png,BJMGBW5F58C
Plate_1926.png,9YTB22GGUM8
Plate_1927.png,VMCIP4XEE
Plate_1928.png,GTP49U57
Plate_1929.png,S784KDE996X
Plate_1930.png,WUF20JKMKS2
Plate_1931.png,XXH3LVMI
Plate_1932.png,Q9YJK
Plate_1933.png,5FPDCV00
Plate_1934.png,XR931CJX
Plate_1935.png,45VX
Plate_1936.png,UUQ4XD
Plate_1937.png,RELKW9JI
Plate_1938.png,37HG0L
Plate_1939.png,SNMUNRU
Plate_1940.png,4KC0PHW5V
Plate_1941.png,SIFENS
Plate_1942.png,XQD68N7WWGN
Plate_1943.png,3FZ3KWUG58
Plate_1944.png,K71WQ55
Plate_1945.png,N3WA1AFW
Plate_1946.png,YSYML7
Plate_1947.png,Y0CZ
Plate_1948.png,X1A8N
Plate_1949.png,7DR44L
Plate_1950.png,XJ9Q
Plate_1951.png,L1MS
Plate_1952.png,S5QR5U3
Plate_1953.png,KLB2LD2F3
Plate_1954.png,LJN9F
Plate_1955.png,68YM1QAG3I
Plate_1956.png,AR7IIQC
Plate_1957.png,8KA8KWPR
Plate_1958.png,DYRQ
Plate_1959.png,6B6SFICEBK4
Plate_1960.png,B918ED
Plate_1961.png,XAH1G09
Plate_1962.png,CYKEGM
Plate_1963.png,3JV1L4JGPS
Plate_1964.png,5PTNMK6BEX
Plate_1965.png,IG7AX2CB
Plate_1966.png,AZD7VL
Plate_1967.png,NJ9E9
Plate_1968.png,EXP0XJFHKEA
Plate_1969.png,FTDG1A9220
Plate_1970.png,2NE5
Plate_1971.png,Q2CZ7IY
Plate_1972.png,BL1QRSGU985
Plate_1973.png,2KU31EY
Plate_1974.png,KKAHLAF7WZS
Plate_1975.png,G2MZB
Plate_1976.png,22ATT
Plate_1977.png,MXL0TI1WMPF
Plate_1978.png,Q99K
Plate_1979.png,K2SV6B
Plate_1980.png,YN7A02Z
Plate_1981.png,SVM7NGE9
Plate_1982.png,UA6FM
Plate_1983.png,PQBEFWPF3
Plate_1984.png,59L9P
Plate_1985.png,A1HGX
Plate_1986.png,U9WM6
Plate_1987.png,MRLT
Plate_1988.png,063XZEM6K0T
Plate_1989.png,43HI9WBFNSC
Plate_1990.png,5KS6B
Plate_1991.png,ZRPL
Plate_1992.png,6DMJRUF
Plate_1993.png,K03B4LDH4S
Plate_1994.png,YY3ZS
Plate_1995.png,55AP9QKT1I
Plate_1996.png,HUPDDRYG
Plate_1997.png,FC70XRHTW0Y
Plate_1998.png,P7N12
Plate_1999.png,SZ5HNNJ67XY
Plate_2000.png,SAVDXBEI
Plate_2001.png,V6XZF4HJLY3
Plate_2002.png,TX7A0S
Plate_2003.png,0PYLQEI2D
Plate_2004.png,1ZP9C1HHG1
Plate_2005.png,9S7K
Plate_2006.png,YIMWWUCAWX
Plate_2007.png,QIHVCPM
Plate_2008.png,N5L21WQD4XN
Plate_2009.png,ZUIAK0091GZ
Plate_2010.png,P8XD0N
Plate_2011.png,B9BW
Plate_2012.png,DDA3K3KA
Plate_2013.png,3AN7UAXP0V
Plate_2014.png,2EUG8A
Plate_2015.png,PXIAS4SX7
Plate_2016.png,C91Z
Plate_2017.png,CK9V0MRY
Plate_2018.png,4KC9LA16T0I
Plate_2019.png,2NFSP
Plate_2020.png,R0IVSQW
Plate_2021.png,VAFB8G
Plate_2022.png,C9UI
Plate_2023.png,9R2PZMUIMPA
Plate_2024.png,09FI10B
Plate_2025.png,2NQGPS8
Plate_2026.png,N8MJKG68W
Plate_2027.png,ZM26QLR0Y7
Plate_2028.png,BV46TL5JI8
Plate_2029.png,JNBL
Plate_2030.png,D72QPAH1W
Plate_2031.png,8NLTIYDDH3K
Plate_2032.png,KCV1V
Plate_2033.png,XP5XPCV
Plate_2034.png,CB3CZ09
Plate_2035.png,HNEWASC
Plate_2036.png,KJ3S
Plate_2037.png,YNL6I13
Plate_2038.png,3FN9F2
Plate_2039.png,D068QNQ7
Plate_2040.png,X8VYHU
Plate_2041.png,4HKIGLGALWW
Plate_2042.png,32H69LFJ
Plate_2043.png,EL7IC39D
Plate_2044.png,RNIQ21
Plate_2045.png,L0M9IQ
Plate_2046.png,KRGA9PJ1
Plate_2047.png,0J5HKRITA
Plate_2048.png,F4CLXKHJPRJ
Plate_2049.png,QDM46Y91SX
Plate_2050.png,IY9NN7S
Plate_2051.png,KCS6NGF6FAF
Plate_2052.png,25203ZA9US6
Plate_2053.png,IHU3JT0
Plate_2054.png,6939JANX
Plate_2055.png,MUP1W71DN
Plate_2056.png,63HGS3JB4
Plate_2057.png,ANUY8BR
Plate_2058.png,H1E35I
Plate_2059.png,ITIXM74C
Plate_2060.png,64E2L
Plate_2061.png,Y5J7
Plate_2062.png,G7SR5L2BC
Plate_2063.png,5ZIY20
Plate_2064.png,30HAM
Plate_2065.png,VFKAZP
Plate_2066.png,TG3XMMFJ
Plate_2067.png,6NC8605
Plate_2068.png,2GK815AG1Q
Plate_2069.png,5G8CC9
Plate_2070.png,S9FXZ9TB7X0
Plate_2071.png,696WC
Plate_2072.png,U6D2HT8Q68A
Plate_2073.png,WCQ4D8
Plate_2074.png,B9RHKJSBA
Plate_2075.png,N3VMZBX4BQ
Plate_2076.png,RYIFX
Plate_2077.png,JMKIJ
Plate_2078.png,Y0QJBW
Plate_2079.png,RNNSB0
Plate_2080.png,UGXU
Plate_2081.png,AXJ5Z47M1D
Plate_2082.png,L2BR68FN9U
Plate_2083.png,JG7Q
Plate_2084.png,2MKJXGLFEZT
Plate_2085.png,3W9P2
Plate_2086.png,BNNP4U9ZVAB
Plate_2087.png,NDQ96C
Plate_2088.png,5VMK
Plate_2089.png,YAVD
Plate_2090.png,1AA18RN6
Plate_2091.png,1NERA3YA3P
Plate_2092.png,83ULKX60ZD
Plate_2093.png,SIKL
Plate_2094.png,0RJRWX6
Plate_2095.png,9H1W2YDG
Plate_2096.png,DW78HFGX
Plate_2097.png,C07BID
Plate_2098.png,F1YK
Plate_2099.png,FKZJ02YA2
Plate_2100.png,CQBWAYX9SG3
Plate_2101.png,CBYU9
Plate_2102.png,DHA0
Plate_2103.png,LLA36RPJ
Plate_2104.png,ZZ6L2
Plate_2105.png,99RBK
Plate_2106.png,TCM2082RVHV
Plate_2107.png,X9JZGK
Plate_2108.png,3C3UIU6H0N
Plate_2109.png,4PL22N2TWQB
Plate_2110.png,1TCGA6
Plate_2111.png,86VF
Plate_2112.png,FG7ITBQ6D
Plate_2113.png,57C06464
Plate_2114.png,ZVSEH1TBS2
Plate_2115.png,GIH1HJW
Plate_2116.png,V4VIEPGP
Plate_2117.png,P81QI6R38T
Plate_2118.png,VLIIKHHAH
Plate_2119.png,24716GYPV0
Plate_2120.png,WK5UQ770H
Plate_2121.png,EX4I
Plate_2122.png,SS93K
Plate_2123.png,EJSBTFUM
Plate_2124.png,ZKW9J
Plate_2125.png,LYMG28
Plate_2126.png,IFJIKFV1DZ9
Plate_2127.png,33IZPEDKFZ
Plate_2128.png,TEEW
Plate_2129.png,1MWZ
Plate_2130.png,1CJ7E8HV
Plate_2131.png,4NG82GXTLSM
Plate_2132.png,YVZ18YQ1
Plate_2133.png,6I9R389S
Plate_2134.png,KB2V7HF3RW1
Plate_2135.png,ITL8QDL92
Plate_2136.png,1Z868UXPB
Plate_2137.png,Z0SUM08Y
Plate_2138.png,3NNT40WC5
Plate_2139.png,TSFA
Plate_2140.png,CC5Z3
Plate_2141.png,A9DFY2VTBIW
Plate_2142.png,C45H03Z0Y
Plate_2143.png,45PP9
Plate_2144.png,IMSTKN
Plate_2145.png,H3WE2VW
Plate_2146.png,MZLPT0J
Plate_2147.png,7BJW8GCU
Plate_2148.png,FZXLN84RA
Plate_2149.png,XQCJR
Plate_2150.png,X8AAUQM9JL
Plate_2151.png,0FDUI9VY40
Plate_2152.png,IDHRDP
Plate_2153.png,73GU8
Plate_2154.png,I8ZIJQUYR0S
Plate_2155.png,F1MT
Plate_2156.png,G4XLSJ2Y
Plate_2157.png,5V4Y
Plate_2158.png,1EU83B5
Plate_2159.png,2PP2UNGVA3U
Plate_2160.png,GBDSS0W
Plate_2161.png,K3U95BIF5F
Plate_2162.png,6UMMU
Plate_2163.png,T7GWN
Plate_2164.png,TEW611YGD
Plate_2165.png,9EX7
Plate_2166.png,SJ3M6CNY
Plate_2167.png,3E15
Plate_2168.png,2ZZ5C2BDB6R
Plate_2169.png,BURVS
Plate_2170.png,SJ03VPX2
Plate_2171.png,QR3D
Plate_2172.png,XWVWIT3H3
Plate_2173.png,8LJ5GRD9FRI
Plate_2174.png,U9UE
Plate_2175.png,68GNJSZEW2N
Plate_2176.png,IYHG3
Plate_2177.png,5DV7IZKPL0
Plate_2178.png,93N3T6LZLMM
Plate_2179.png,GCUU7
Plate_2180.png,V6BZ4W
Plate_2181.png,78LM4KS
Plate_2182.png,4ZX3EVVKCM
Plate_2183.png,TR6YZUH
Plate_2184.png,U3G6EPVTG3V
Plate_2185.png,2P5A1PMY06G
Plate_2186.png,Y4TJ3
Plate_2187.png,LEB4AAFLH2M
Plate_2188.png,I3N6WNMG36
Plate_2189.png,I4BJDD
Plate_2190.png,TJPLSWYWRK6
Plate_2191.png,YIPLB65
Plate_2192.png,L47SCV4803
Plate_2193.png,CP47IRITLF
Plate_2194.png,LE9YJHXIRTB
Plate_2195.png,YZX6
Plate_2196.png,61Y51
Plate_2197.png,2PYMU2EA
Plate_2198.png,18FCWRAY
Plate_2199.png,EZTXA2
Plate_2200.png,S9IQ7D
Plate_2201.png,Q8E6TIGGMZ
Plate_2202.png,4WVIL1UE
Plate_2203.png,45YE40JL
Plate_2204.png,R9T6Y6CY4PP
Plate_2205.png,JDA2Q
Plate_2206.png,8R2DFA0Z
Plate_2207.png,Q6Q8NIW
Plate_2208.png,LD8MPYF
Plate_2209.png,8UKPG
Plate_2210.png,Y4ADH9V8
Plate_2211.png,I1LSE94GH
Plate_2212.png,GVVG9A
Plate_2213.png,4FS7K2
Plate_2214.png,228GEY
Plate_2215.png,NUQV9
Plate_2216.png,UYA466XC
Plate_2217.png,M5BPD
Plate_2218.png,GR2XG8L3GWS
Plate_2219.png,H0VCF4F7K97
Plate_2220.png,L0REX6J1RI
Plate_2221.png,S1DYZNCHG
Plate_2222.png,Q3QV
Plate_2223.png,6YV4IM1RN
Plate_2224.png,X3S0
Plate_2225.png,M7MZGE9ZG
Plate_2226.png,MY3A5XWA6PI
Plate_2227.png,V5WD1
Plate_2228.png,5B20
Plate_2229.png,GVS6D
Plate_2230.png,THMR1RH04
Plate_2231.png,0P412
Plate_2232.png,QDKS
Plate_2233.png,KXALZ7WF
Plate_2234.png,XFSP
Plate_2235.png,7U0SZ
Plate_2236.png,H2BTT9R0L09
Plate_2237.png,R39KBR53ZYB
Plate_2238.png,1MEA
Plate_2239.png,YZSFMS7
Plate_2240.png,UYTMA1M
Plate_2241.png,D5YSYRJC
Plate_2242.png,FSPHU
Plate_2243.png,Y4APJ
Plate_2244.png,81JQR670YH
Plate_2245.png,3IVHADIFV9
Plate_2246.png,G3QR66YJ6K
Plate_2247.png,BR670J
Plate_2248.png,WGF92HWQ5U9
Plate_2249.png,X12LPNZYL
Plate_2250.png,2FIY4P9Y
Plate_2251.png,35H6KWZ81A
Plate_2252.png,IVTCMDDSFE9
Plate_2253.png,C7X0E3JMS
Plate_2254.png,1Y9C7EW
Plate_2255.png,TGHQ41
Plate_2256.png,FKHECZXSYU
Plate_2257.png,AR8WQ3
Plate_2258.png,55JD60JJ
Plate_2259.png,84P36GAIHA
Plate_2260.png,1I0K666ZG
Plate_2261.png,VTPJ4WSI
Plate_2262.png,T94WCYTF5MH
Plate_2263.png,EW318U7B
Plate_2264.png,9TBPS8XBI
Plate_2265.png,2ETEAJPSQ
Plate_2266.png,503C2BUSFV
Plate_2267.png,F940J2A
Plate_2268.png,V9QPU4S0WI
Plate_2269.png,TXMILI46Z3L
Plate_2270.png,D5SY
Plate_2271.png,3GVGS0C71J0
Plate_2272.png,7KQPV4
Plate_2273.png,TEJC9F
Plate_2274.png,2TVT
Plate_2275.png,UAX9PDR7
Plate_2276.png,UTWE32P0HE
Plate_2277.png,GMDRWH5
Plate_2278.png,C0U1Z
Plate_2279.png,X1R1S31I
Plate_2280.png,F09Y95C7IZ
Plate_2281.png,JVP6R68W
Plate_2282.png,6UUCHL
Plate_2283.png,XH7WK80EK0
Plate_2284.png,0Y475MBSDV
Plate_2285.png,CV7S7Z
Plate_2286.png,6BJQLUK3
Plate_2287.png,2S827PVXI9
Plate_2288.png,WM44THJ
Plate_2289.png,WL6T2VI3P5
Plate_2290.png,NKQNHA0
Plate_2291.png,BHIQ4
Plate_2292.png,ZG7FW1DD8
Plate_2293.png,HNRA6HRS
Plate_2294.png,XDX2GVCYVBE
Plate_2295.png,VVYUPY
Plate_2296.png,4RUKX2RWB
Plate_2297.png,F3TDBXF9Q
Plate_2298.png,XT8R9USN4Z
Plate_2299.png,YGSQ
Plate_2300.png,QDNCT
Plate_2301.png,7FIAVH2CU
Plate_2302.png,6E36V
Plate_2303.png,VS7SH
Plate_2304.png,DDYI69
Plate_2305.png,QUVP194A
Plate_2306.png,YS3D2D1B
Plate_2307.png,GAQU4
Plate_2308.png,B1LBFJ
Plate_2309.png,WUX2RW
Plate_2310.png,NRQKQL
Plate_2311.png,FYEUP
Plate_2312.png,SRL800
Plate_2313.png,HWQECJ6R
Plate_2314.png,2E1C
Plate_2315.png,7VMM1LHY
Plate_2316.png,3KZK
Plate_2317.png,8I0UZU0
Plate_2318.png,IPAAG7HCMA
Plate_2319.png,6NKL
Plate_2320.png,D9VHPE9H
Plate_2321.png,H91M04ZZ68
Plate_2322.png,6GV3IS8
Plate_2323.png,RDD05
Plate_2324.png,B6B7GK
Plate_2325.png,6R0UHD5WP
Plate_2326.png,ZWXX
Plate_2327.png,TZ73
Plate_2328.png,AU4MZ19
Plate_2329.png,QFI93CZCDH
Plate_2330.png,GKRA0U
Plate_2331.png,7DF5943
Plate_2332.png,CUY2
Plate_2333.png,ZATUIJDGDL
Plate_2334.png,ZT50BI
Plate_2335.png,P38E
Plate_2336.png,0S04LMPG64Z
Plate_2337.png,3PEF4
Plate_2338.png,2K6RV
Plate_2339.png,WTNF6
Plate_2340.png,YY5J
Plate_2341.png,P3JN
Plate_2342.png,ETP3J
Plate_2343.png,IDKVIYS9MU3
Plate_2344.png,P96PTW
Plate_2345.png,77FLEE
Plate_2346.png,WFSTX
Plate_2347.png,CVRNLWNILS
Plate_2348.png,MNYQGXC7FK0
Plate_2349.png,QH4AE
Plate_2350.png,XASE
Plate_2351.png,RFCK3BH6F
Plate_2352.png,VZNX37
Plate_2353.png,4HPY696G
Plate_2354.png,ADYNU3TPB43
Plate_2355.png,23G49Y
Plate_2356.png,R14QJX8YVE
Plate_2357.png,62G5A25
Plate_2358.png,BILKV9AQ9
Plate_2359.png,SXUZ0
Plate_2360.png,83G0
Plate_2361.png,CBSHQYL4RX
Plate_2362.png,IE17LX
Plate_2363.png,XKEC31885WC
Plate_2364.png,RQCEE
Plate_2365.png,XCHIE5F
Plate_2366.png,WZKYNM9RMC
Plate_2367.png,EVDG
Plate_2368.png,WRYZ5
Plate_2369.png,F2V9
Plate_2370.png,NBW02FD1D
Plate_2371.png,TPQB
Plate_2372.png,AUT5FGXLB
Plate_2373.png,6EFE87X1
Plate_2374.png,TN72E2
Plate_2375.png,ZJS29UP1Z
Plate_2376.png,KP18C06
Plate_2377.png,4NH1DVJP
Plate_2378.png,BH04ZPZB
Plate_2379.png,MAXJP8EIQK
Plate_2380.png,H64EM
Plate_2381.png,JABHXRPDVB9
Plate_2382.png,3NSAP24
Plate_2383.png,CAUQ7CA91
Plate_2384.png,UYI5T2JX
Plate_2385.png,LE5M5
Plate_2386.png,741ZM54
Plate_2387.png,9339CXG
Plate_2388.png,FIZSCWH
Plate_2389.png,M89CG4J4PE5
Plate_2390.png,KE0Y1SNU
Plate_2391.png,5K11
Plate_2392.png,F27TWTSPK
Plate_2393.png,HD2F90
Plate_2394.png,EEQ7
Plate_2395.png,542ZRS9SDG3
Plate_2396.png,66CKCTX
Plate_2397.png,B2ZQKH6D2V
Plate_2398.png,LR8SY
Plate_2399.png,61FZKD8NSAQ
Plate_2400.png,WYQAIVD4Y
Plate_2401.png,20ZJ
Plate_2402.png,WHGJS1X
Plate_2403.png,N2Z0GNTGWCG
Plate_2404.png,80163UEGIBF
Plate_2405.png,4FX25NU
Plate_2406.png,ATKQ29WGI
Plate_2407.png,TB7395K62
Plate_2408.png,P9PUE2
Plate_2409.png,1QD8VJN5
Plate_2410.png,G0US48Y
Plate_2411.png,9QCMK
Plate_2412.png,MWPK
Plate_2413.png,IXHS8
Plate_2414.png,GE737SN
Plate_2415.png,0RZV
Plate_2416.png,TIB31P9RZE
Plate_2417.png,CKX2G1JS
Plate_2418.png,B1J0WIQJ
Plate_2419.png,L0Q6
Plate_2420.png,BFPM5TJU7A0
Plate_2421.png,X0QCUB9IZN3
Plate_2422.png,MC8P
Plate_2423.png,PIUC
Plate_2424.png,K46UMY
Plate_2425.png,J92W5
Plate_2426.png,EVC0VH2GMIG
Plate_2427.png,BXW9FV3YIV
Plate_2428.png,I3XYVZ
Plate_2429.png,C17NB00Y
Plate_2430.png,WD3A
Plate_2431.png,F5893ZBTXM
Plate_2432.png,HHEHQ4ACKHI
Plate_2433.png,BUEY37DY
Plate_2434.png,JM1WEX
Plate_2435.png,5J70WHXZRTX
Plate_2436.png,FYT8T541
Plate_2437.png,7HR7CY7E2
Plate_2438.png,3BZR
Plate_2439.png,2DG639PW25B
Plate_2440.png,J6HRZQ6
Plate_2441.png,QJS7M8
Plate_2442.png,4BIRWL7GUD3
Plate_2443.png,5ABWV8EPA
Plate_2444.png,6AFP
Plate_2445.png,I0AW2
Plate_2446.png,RM5ND39NLM
Plate_2447.png,HG189VA0T9S
Plate_2448.png,7V65MHVGJG
Plate_2449.png,YLJW
Plate_2450.png,NG6U0XAH4IV
Plate_2451.png,USEW
Plate_2452.png,IJT1KH
Plate_2453.png,TE4U
Plate_2454.png,EIYY
Plate_2455.png,NB6X0P
Plate_2456.png,KLQ4V1
Plate_2457.png,V8SPS8
Plate_2458.png,BGXJR8
Plate_2459.png,543W10G7VDW
Plate_2460.png,Y0HG
Plate_2461.png,G6T9N4
Plate_2462.png,CIECNB730M
Plate_2463.png,94KKGPAF7
Plate_2464.png,P8T562K
Plate_2465.png,H42YE6
Plate_2466.png,YWVNWJCIUVV
Plate_2467.png,8PG48
Plate_2468.png,IKPE7PGB72X
Plate_2469.png,UZYK
Plate_2470.png,0T0IIJ
Plate_2471.png,T5L2
Plate_2472.png,NZ1DMVB5
Plate_2473.png,V9Y5
Plate_2474.png,7Z9Y
Plate_2475.png,NFZ4D0
Plate_2476.png,XH75ERQTYL
Plate_2477.png,X7VUK
Plate_2478.png,6192UZ8P2
Plate_2479.png,IKBB4
Plate_2480.png,RLU536MK
Plate_2481.png,L8EJL95
Plate_2482.png,2K94
Plate_2483.png,QNLM58R0DGY
Plate_2484.png,DJE656
Plate_2485.png,S3GRI9DZ
Plate_2486.png,NYP3089Y
Plate_2487.png,C27C8L6R
Plate_2488.png,ZVV8U0E5VY
Plate_2489.png,NLXL7M7P
Plate_2490.png,4ZS3WEH3LJ
Plate_2491.png,TIWLMNUYNXK
Plate_2492.png,00ZNP965Q
Plate_2493.png,CQM1E
Plate_2494.png,7LG0YPS2B
Plate_2495.png,1JY7L1S664U
Plate_2496.png,N0CI5
Plate_2497.png,20QR
Plate_2498.png,NJLB2
Plate_2499.png,KFS16A
Plate_2500.png,93X11WQ0B
Plate_2501.png,KNKQLBANH
Plate_2502.png,2M968FN2KI0
Plate_2503.png,XTEASEGSU
Plate_2504.png,F6QM0T5C
Plate_2505.png,WZDXB
Plate_2506.png,15B4X
Plate_2507.png,VUQCBP
Plate_2508.png,FHJ5PV
Plate_2509.png,E65507
Plate_2510.png,IEBGDG
Plate_2511.png,7GA33GDVPR2
Plate_2512.png,FYNY4AVP322
Plate_2513.png,GFNGPS0U0M
Plate_2514.png,ZFEX
Plate_2515.png,WF36WSWLL
Plate_2516.png,7QZB
Plate_2517.png,9JRCP1ZSQA
Plate_2518.png,CTQJKFRMSN
Plate_2519.png,QXLXLG
Plate_2520.png,MPE51
Plate_2521.png,W3BPE
Plate_2522.png,P5IXLJEK0
Plate_2523.png,W6UGW
Plate_2524.png,UPZL670GH
Plate_2525.png,5LKD8PIQ9A
Plate_2526.png,TXDL6H2L
Plate_2527.png,BBAUNHW34
Plate_2528.png,B900M3
Plate_2529.png,TWX6
Plate_2530.png,S30Z49
Plate_2531.png,DVM75VHYTZL
Plate_2532.png,EQF0A
Plate_2533.png,HBY019H3X
Plate_2534.png,XIT31YTZW0V
Plate_2535.png,KY33TVP9
Plate_2536.png,F1R1DR
Plate_2537.png,SMY8
Plate_2538.png,GYWY58
Plate_2539.png,6MCP7M
Plate_2540.png,YVJJM6F
Plate_2541.png,B40ZKX
Plate_2542.png,EHYFD63MC
Plate_2543.png,S15V8D
Plate_2544.png,LI8VB
Plate_2545.png,RXZX0
Plate_2546.png,ZAPY
Plate_2547.png,ADEQ7ZVKECN
Plate_2548.png,XRNMDN2ZC8G
Plate_2549.png,CB1WI3
Plate_2550.png,17R3FLPEI
Plate_2551.png,RZA889
Plate_2552.png,3IID
Plate_2553.png,6CNMKZ
Plate_2554.png,XJNWJ6N71P8
Plate_2555.png,A1DMVMV
Plate_2556.png,CQ03SK68
Plate_2557.png,CF5DRY2AP
Plate_2558.png,Q5JU
Plate_2559.png,VSLMDHXSL5T
Plate_2560.png,BH11
Plate_2561.png,CM9DWW8B
Plate_2562.png,34N1PUA
Plate_2563.png,7C9J16M
Plate_2564.png,SW387P5YCP
Plate_2565.png,1DSF
Plate_2566.png,AXCH8GEN151
Plate_2567.png,0IJNVN
Plate_2568.png,YXRRC5P
Plate_2569.png,W7I1KS5Q74A
Plate_2570.png,ZU81XGBFF
Plate_2571.png,QFIM
Plate_2572.png,IRSV
Plate_2573.png,L9CHKW216J1
Plate_2574.png,K7U8BC9S
Plate_2575.png,KUIF1
Plate_2576.png,MV27Z
Plate_2577.png,E5DX2A
Plate_2578.png,KUXT7K
Plate_2579.png,MG4Y
Plate_2580.png,FILWTCGLBNI
Plate_2581.png,AE26YPD
Plate_2582.png,MJF1Y
Plate_2583.png,KSFQYB33DDP
Plate_2584.png,RM701DFZC
Plate_2585.png,HXH6BU
Plate_2586.png,FF9ZZ0KID8
Plate_2587.png,42Q5CG
Plate_2588.png,JT0U
Plate_2589.png,3L0PL0A
Plate_2590.png,39FYBNKY
Plate_2591.png,XQ4DPE
Plate_2592.png,9JGB3HZ59UC
Plate_2593.png,5U3316
Plate_2594.png,SIEAWQPAZYY
Plate_2595.png,910P
Plate_2596.png,9JPF
Plate_2597.png,7EJR06BNB
Plate_2598.png,WBWRLHMP6
Plate_2599.png,YPTQ5BG
Plate_2600.png,M753GTH5
Plate_2601.png,LJKDK13
Plate_2602.png,6IWDV
Plate_2603.png,DWHUC
Plate_2604.png,BXZBG
Plate_2605.png,4FQU086
Plate_2606.png,MH6FEUEAL
Plate_2607.png,8E43YI1B
Plate_2608.png,ST4LA0
Plate_2609.png,A0B09
Plate_2610.png,MAQ4PU4SXVJ
Plate_2611.png,Q4G4
Plate_2612.png,ARD23
Plate_2613.png,CGJE65QQ97
Plate_2614.png,YI2S
Plate_2615.png,EGPT1K0U
Plate_2616.png,X2MQVA4I7U2
Plate_2617.png,F3AH0BBW1S
Plate_2618.png,C84YK70HSC
Plate_2619.png,J3HF
Plate_2620.png,VSFALI
Plate_2621.png,2ZNQH5
Plate_2622.png,A3RI2ZQF
Plate_2623.png,1ZIV85I
Plate_2624.png,PPMJD3130W
Plate_2625.png,2EGH
Plate_2626.png,6TK0F20N
Plate_2627.png,XG4TQ9HS
Plate_2628.png,3BKPCL
Plate_2629.png,9APV70
Plate_2630.png,6DHFTM2G
Plate_2631.png,S9LJA3U
Plate_2632.png,0Q731
Plate_2633.png,UU7LFDU
Plate_2634.png,VBHPKLN15QF
Plate_2635.png,NBC5B
Plate_2636.png,IUTIDC1
Plate_2637.png,0VYBXJZE0
Plate_2638.png,3SU2
Plate_2639.png,DS7S9IKEC4
Plate_2640.png,8B0L
Plate_2641.png,SKVI92I6DF
Plate_2642.png,0XGI8TS4
Plate_2643.png,MFK54Z480C
Plate_2644.png,QXS31
Plate_2645.png,IKWYRC8G9W
Plate_2646.png,VN1DP4ZL3
Plate_2647.png,0AD7U1
Plate_2648.png,E44DEQD
Plate_2649.png,GPRZC4
Plate_2650.png,T71PZA8U
Plate_2651.png,K8DGV6ZW
Plate_2652.png,R6AF02BYA
Plate_2653.png,8F3F162
Plate_2654.png,JNI7DDBZ
Plate_2655.png,IN0V1RPJ8
Plate_2656.png,TQZ5KS
Plate_2657.png,ZYWPCBZ0
Plate_2658.png,YDUF8QW
Plate_2659.png,2C7TSRIVI
Plate_2660.png,222YNHGA
Plate_2661.png,7P9PMCFV
Plate_2662.png,M5FW6F
Plate_2663.png,WKB7CLBGJ0E
Plate_2664.png,20KTNDYFTN
Plate_2665.png,DFM6H5W5H
Plate_2666.png,1ZY4
Plate_2667.png,BGVX
Plate_2668.png,43CTWG6R
Plate_2669.png,I4CC21F
Plate_2670.png,I62F6Y4
Plate_2671.png,S2XCELMHT
Plate_2672.png,S9J4V0QCVV
Plate_2673.png,TZBRZ1XN
Plate_2674.png,2M4CZ9P8YI
Plate_2675.png,2UY8Y3DBH5
Plate_2676.png,TVLFWQHJ
Plate_2677.png,JA3RKB
Plate_2678.png,9D3HCTKP
Plate_2679.png,9HDPS2C
Plate_2680.png,HT3FBMKJ
Plate_2681.png,867B0EN0
Plate_2682.png,H5FKJ2
Plate_2683.png,HE1W9Q8
Plate_2684.png,KVVLC56J
Plate_2685.png,KU07QUQG3N
Plate_2686.png,KHE73RZCK6
Plate_2687.png,U3VIB9
Plate_2688.png,BXQJ
Plate_2689.png,3NRER
Plate_2690.png,F781X2D
Plate_2691.png,GL8X8
Plate_2692.png,8E0F1YB9
Plate_2693.png,NWL69PB
Plate_2694.png,4YGVA2A
Plate_2695.png,3Q2FYJI
Plate_2696.png,JTJAYK1
Plate_2697.png,AV67H9XXXI8
Plate_2698.png,BZ46TVLG
Plate_2699.png,ISW77YN
Plate_2700.png,MGCSW
Plate_2701.png,DEJA8YKS1UI
Plate_2702.png,GSDJT51
Plate_2703.png,QMXX4SS8IR
Plate_2704.png,QFDZ2QD
Plate_2705.png,2DW1A99
Plate_2706.png,WES23AM
Plate_2707.png,QG3S8G99
Plate_2708.png,2TITT131E2
Plate_2709.png,PT3TL
Plate_2710.png,LVBUJL
Plate_2711.png,HGCPNYEKUB
Plate_2712.png,1HKJI
Plate_2713.png,P5DG3GEE3U6
Plate_2714.png,NUZVJT7C
Plate_2715.png,GPIHY7Q
Plate_2716.png,VFJNZ0942I
Plate_2717.png,69VMB
Plate_2718.png,U6XII3JV
Plate_2719.png,H4ZXLTC
Plate_2720.png,URP8
Plate_2721.png,2NUYQC5UQ
Plate_2722.png,N6GXUWPV
Plate_2723.png,X4M3Q12WDU
Plate_2724.png,CMJI
Plate_2725.png,SDW4CQFDN
Plate_2726.png,C17CHW62
Plate_2727.png,JKM5RRMHSJI
Plate_2728.png,0KH6U35M
Plate_2729.png,UZ24Y5NR
Plate_2730.png,8NHIWSA93
Plate_2731.png,SY4U
Plate_2732.png,6MWCTYD
Plate_2733.png,IK771F5PV2
Plate_2734.png,GFP7JU0GQP
Plate_2735.png,QXVC2DT
Plate_2736.png,JWCFW
Plate_2737.png,U6U68XL0
Plate_2738.png,MNKRCA
Plate_2739.png,9YL5Z0LURAH
Plate_2740.png,SMID
Plate_2741.png,Q1AWSXUKJL
Plate_2742.png,CSYN
Plate_2743.png,XELV3
Plate_2744.png,A685EQ
Plate_2745.png,761VC6CZP
Plate_2746.png,N5GBXS7RX
Plate_2747.png,X4J5FQPT9PC
Plate_2748.png,63ZTUWNJ5N
Plate_2749.png,67RU7
Plate_2750.png,AY9NK5MS02U
Plate_2751.png,F9MMXQK7
Plate_2752.png,GECJYQ93S
Plate_2753.png,2B2MISQ7E4J
Plate_2754.png,28A09Y9J
Plate_2755.png,VF55HZZ7
Plate_2756.png,3Z54143Q4
Plate_2757.png,ISIIR8FHMH
Plate_2758.png,Z2H5AZC
Plate_2759.png,N86BI0L1
Plate_2760.png,FXXJ
Plate_2761.png,PBTAKIB4FA5
Plate_2762.png,BHL31EP28
Plate_2763.png,UFNSYR6V82N
Plate_2764.png,XGM7MG1HT2C
Plate_2765.png,GFL2
Plate_2766.png,1P2F3BPAQD6
Plate_2767.png,33WQ
Plate_2768.png,L4FXPHG9X
Plate_2769.png,EE4XVAN
Plate_2770.png,NSS9D
Plate_2771.png,6F8L
Plate_2772.png,QGDZM2BG
Plate_2773.png,MKLJ
Plate_2774.png,6H7H4NPI
Plate_2775.png,H9KQHDXSD3
Plate_2776.png,SB1A60FJ
Plate_2777.png,7UF3V
Plate_2778.png,6N4V8M
Plate_2779.png,3P9G
Plate_2780.png,HHB9BLAQW
Plate_2781.png,HQUI8Z
Plate_2782.png,I705HVP
Plate_2783.png,DM2B
Plate_2784.png,TW2CLK
Plate_2785.png,LWSP1AS186
Plate_2786.png,RR7IQTFFD
Plate_2787.png,1W8WLJ2
Plate_2788.png,TGZJIBQ
Plate_2789.png,B2RHB0
Plate_2790.png,YNZA3WZ
Plate_2791.png,GE5R
Plate_2792.png,IVMA0B9G4
Plate_2793.png,LT64UH
Plate_2794.png,057KMW
Plate_2795.png,L1XJXK
Plate_2796.png,1Y0GYVZ
Plate_2797.png,I33Q0V6DXW
Plate_2798.png,U8G0G
Plate_2799.png,JHFVTING7U
Plate_2800.png,ZY20
Plate_2801.png,NUCLG6
Plate_2802.png,4NHUM2
Plate_2803.png,ETGSKPJH
Plate_2804.png,JVRZBX
Plate_2805.png,586ZBUPI
Plate_2806.png,Q0AYHBKA96
Plate_2807.png,0JDM1HGYVAG
Plate_2808.png,DHWSD
Plate_2809.png,IA2738A
Plate_2810.png,MBGB
Plate_2811.png,W4ST
Plate_2812.png,24DEB
Plate_2813.png,5HBMPEBGPLY
Plate_2814.png,HU3HZ27LB
Plate_2815.png,69M4FM6ZDWR
Plate_2816.png,KZNXVDB
Plate_2817.png,UJ9NTK25TEM
Plate_2818.png,6JAKA19H
Plate_2819.png,ILITH1
Plate_2820.png,3VX5A63R2D
Plate_2821.png,JSE1UDHQQ
Plate_2822.png,76IGFXJL5
Plate_2823.png,AFIKGWW6
Plate_2824.png,SXX6H3RQ
Plate_2825.png,U4PFN4W
Plate_2826.png,ETIPY
Plate_2827.png,356X5Q2ZXDX
Plate_2828.png,B3M6
Plate_2829.png,EEZV
Plate_2830.png,CM71J955D
Plate_2831.png,RI5FEG52UIG
Plate_2832.png,2SGY4Z0N
Plate_2833.png,YX47
Plate_2834.png,KCP75
Plate_2835.png,PRSS41AR
Plate_2836.png,UDZ19QXNK
Plate_2837.png,BCDXZSD58K
Plate_2838.png,XAL3
Plate_2839.png,SEC6BID
Plate_2840.png,DWB6KAREB3W
Plate_2841.png,DIFUA9ZG
Plate_2842.png,V8673L
Plate_2843.png,MW75TY0YL
Plate_2844.png,AD7TI
Plate_2845.png,35Y8B
Plate_2846.png,CQQBKRFBL
Plate_2847.png,MVLP1NSIDF
Plate_2848.png,F7CUF5
Plate_2849.png,0UC2C0VAZ71
Plate_2850.png,ME6T
Plate_2851.png,41LD6Q
Plate_2852.png,2QYXAT4U
Plate_2853.png,C91J
Plate_2854.png,HRGEB7DET
Plate_2855.png,SF1ILYJJL
Plate_2856.png,63SIT9194FZ
Plate_2857.png,NHLS89N3M
Plate_2858.png,D2CXVBEG
Plate_2859.png,CVPAL
Plate_2860.png,6INN
Plate_2861.png,S151U
Plate_2862.png,G778DBW4X4
Plate_2863.png,A5JRV
Plate_2864.png,YZ4ZQRAI2Y
Plate_2865.png,HEWMTV0LZ2
Plate_2866.png,5TWQ0BRAQEH
Plate_2867.png,H8DBJ
Plate_2868.png,RC8SW50V
Plate_2869.png,EYASHPH
Plate_2870.png,HWN249TLZ25
Plate_2871.png,3Q4IR5
Plate_2872.png,AUDUF
Plate_2873.png,4NI1I6U1
Plate_2874.png,6RZW
Plate_2875.png,N7M62A
Plate_2876.png,MJLIC9
Plate_2877.png,MWHDHY7XN
Plate_2878.png,HD8FAEQU
Plate_2879.png,T8KID
Plate_2880.png,MP6M7QSJ
Plate_2881.png,80JH4WVM9L9
Plate_2882.png,NNU2R
Plate_2883.png,TBSXJNM
Plate_2884.png,GU1BJW0C
Plate_2885.png,FFAV8UZFP
Plate_2886.png,KH0R0D
Plate_2887.png,WB48TX8E
Plate_2888.png,YIFK6TU
Plate_2889.png,W6R8WM7N
Plate_2890.png,6QGT
Plate_2891.png,I558ZM
Plate_2892.png,PP7JXM07
Plate_2893.png,UQE5R0RFS
Plate_2894.png,ICBNADC3J
Plate_2895.png,NDVLWJZDB
Plate_2896.png,J18SH0Y2J1
Plate_2897.png,V29E
Plate_2898.png,FBY1S4D4J
Plate_2899.png,7E2K2H
Plate_2900.png,Q99919B8
Plate_2901.png,JNZZUSVY
Plate_2902.png,6DHQYKGTT13
Plate_2903.png,IMK4
Plate_2904.png,KC86NKNLV
Plate_2905.png,5GSK0WY
Plate_2906.png,Z7BYWM0WZY
Plate_2907.png,GC3J11D7DTM
Plate_2908.png,CSZL27DUH1
Plate_2909.png,4R5IV165CR
Plate_2910.png,BV3SCDWSKUB
Plate_2911.png,59GC
Plate_2912.png,VTBJ
Plate_2913.png,BU4YRCNDFSD
Plate_2914.png,K1TNA
Plate_2915.png,AEINUTYBXGE
Plate_2916.png,4244CH
Plate_2917.png,4GT7990
Plate_2918.png,DYXGLZKU84
Plate_2919.png,ZDQLMT9MW5
Plate_2920.png,J89Q8GB5
Plate_2921.png,QFRZ
Plate_2922.png,66JGSVBC
Plate_2923.png,ANJJRZ9ULW
Plate_2924.png,69EMI8Y83D
Plate_2925.png,IZ1C4ZJEH
Plate_2926.png,C5PJC83G
Plate_2927.png,7AW13HPM
Plate_2928.png,L764U63X
Plate_2929.png,RRFX0V
Plate_2930.png,LE9TUVBX
Plate_2931.png,5DIT
Plate_2932.png,MXBJYBJT2M7
Plate_2933.png,0NC8MJAR6B
Plate_2934.png,EBWXZ2Z5NGF
Plate_2935.png,T54U
Plate_2936.png,T1E69NT
Plate_2937.png,VAGU
Plate_2938.png,G2NWVTYT3
Plate_2939.png,W82ZJB8JCV
Plate_2940.png,0QUV550
Plate_2941.png,LELHD8BZU9
Plate_2942.png,NJJVGUYB
Plate_2943.png,P9ZJU6CDA
Plate_2944.png,33Z5AGYDTJ2
Plate_2945.png,M54QWP
Plate_2946.png,TEP8J8K5CJ
Plate_2947.png,YVVDTNN
Plate_2948.png,XHWZXKYZ2
Plate_2949.png,89XI5M30FRG
Plate_2950.png,F1VWM813FA2
Plate_2951.png,WWQNBQICB
Plate_2952.png,8NRK2R9V2
Plate_2953.png,Y2STYLCP
Plate_2954.png,TNKL2T817R
Plate_2955.png,2TF8992H3H0
Plate_2956.png,D5MLIJ494
Plate_2957.png,6HST8FW9
Plate_2958.png,DYJ9WRR6
Plate_2959.png,S35TB1Q57QW
Plate_2960.png,KDA3S2
Plate_2961.png,P55ZS
Plate_2962.png,ZMZUFKXTCC1
Plate_2963.png,WVSS3C9
Plate_2964.png,A0MMY
Plate_2965.png,M4X2ZAJ78
Plate_2966.png,GE3N4PELABN
Plate_2967.png,PT4UGBTM5
Plate_2968.png,KJ77UJK6X
Plate_2969.png,QJKND3H7
Plate_2970.png,YXWRV2YMUZF
Plate_2971.png,ND30DCI
Plate_2972.png,4MHMK
Plate_2973.png,1D75
Plate_2974.png,NI85
Plate_2975.png,EQAWVC
Plate_2976.png,YKIT
Plate_2977.png,4GU4ZU
Plate_2978.png,W8FJ
Plate_2979.png,RT6A
Plate_2980.png,LJYY7
Plate_2981.png,KRW70J
Plate_2982.png,HL22R
Plate_2983.png,D5309
Plate_2984.png,UZ0CX
Plate_2985.png,63JRDN
Plate_2986.png,119TIZTKYQ
Plate_2987.png,FM79
Plate_2988.png,3LPV
Plate_2989.png,1E4K90GM7
Plate_2990.png,E7E3
Plate_2991.png,U1GTUKS8PIS
Plate_2992.png,NCR8T9C6XI1
Plate_2993.png,YZVX
Plate_2994.png,1VIW4BX4
Plate_2995.png,GBJWWC549PZ
Plate_2996.png,K9MD1AF6AXT
Plate_2997.png,W4ZD
Plate_2998.png,21G1KHSXX
Plate_2999.png,S1UKXNF8
Plate_3000.png,RPYZ
Plate_3001.png,Q2EB5LK48MZ
Plate_3002.png,4R5E
Plate_3003.png,DGA975H7S
Plate_3004.png,E2TYFIGTE
Plate_3005.png,SZYFZT8
Plate_3006.png,JNFU4MS
Plate_3007.png,U632ELWNN
Plate_3008.png,53N0ULHY635
Plate_3009.png,HLZ4W0Z8Q3
Plate_3010.png,3YG6KG
Plate_3011.png,DF6EGP5L2W
Plate_3012.png,9PTB81
Plate_3013.png,NRC2LHHJ7S
Plate_3014.png,A7AFB
Plate_3015.png,EPWR
Plate_3016.png,0X8G3
Plate_3017.png,98VPAWPR
Plate_3018.png,79NDDR1X
Plate_3019.png,XJV08PJB
Plate_3020.png,3M7K53
Plate_3021.png,XRHCR3Y6EM9
Plate_3022.png,6P9NR5C36
Plate_3023.png,139TYG
Plate_3024.png,8IZ9EBY0FH
Plate_3025.png,27L0N8
Plate_3026.png,TQBDSDGJ
Plate_3027.png,6GF6PGWA
Plate_3028.png,CAV3
Plate_3029.png,IXNMLFWB6W
Plate_3030.png,99ETERDFF72
Plate_3031.png,BTWNGKRLP
Plate_3032.png,XYG9MQ8V1
Plate_3033.png,MT67S6RPD
Plate_3034.png,W9ZBGU58
Plate_3035.png,TK3H
Plate_3036.png,ZHKN
Plate_3037.png,MK8UFV9SYN
Plate_3038.png,N0JM
Plate_3039.png,GMDAZFU5F9
Plate_3040.png,WQCM73RUAIR
Plate_3041.png,N9JRS
Plate_3042.png,9GD862A
Plate_3043.png,WRHFQS5
Plate_3044.png,FJN0CC5
Plate_3045.png,61AYGW
Plate_3046.png,Q3XCJT4C
Plate_3047.png,KHYU14SWJV
Plate_3048.png,VHGBSGSDY
Plate_3049.png,PRICS
Plate_3050.png,40F8YLI
Plate_3051.png,MTMWI
Plate_3052.png,NLIMCRIB2S5
Plate_3053.png,SUU5
Plate_3054.png,SCGF87
Plate_3055.png,UV2WZIB3
Plate_3056.png,VFLZ3XK0X4G
Plate_3057.png,X9MB3GRYFJ
Plate_3058.png,5AV0WY5RN
Plate_3059.png,N71QZ
Plate_3060.png,0NYJ4T0
Plate_3061.png,3BUM
Plate_3062.png,DS3ZNL64I4
Plate_3063.png,2MJDKAP
Plate_3064.png,H5M86PD
Plate_3065.png,SCKYF0
Plate_3066.png,W9AG11KI
Plate_3067.png,RY79V7DA
Plate_3068.png,V83TEMCP2UU
Plate_3069.png,G5TNNLXI
Plate_3070.png,FN7BMZVGY
Plate_3071.png,22P7T
Plate_3072.png,9PYIBA3W
Plate_3073.png,IM1T40R
Plate_3074.png,D6XNQ30CF9
Plate_3075.png,P9SM
Plate_3076.png,5UHG0P09X
Plate_3077.png,X3UF
Plate_3078.png,V5V7GBLW
Plate_3079.png,V7LX
Plate_3080.png,BYZ6ZMID9H
Plate_3081.png,24NNAM4
Plate_3082.png,WCJPTL1YYC
Plate_3083.png,5D5DRXBWKGX
Plate_3084.png,YSFX
Plate_3085.png,DZZ0SVWS
Plate_3086.png,X7KYJDX
Plate_3087.png,IACST7697
Plate_3088.png,1HFNSC6JB
Plate_3089.png,JN7WA6KEQPH
Plate_3090.png,DSN9W
Plate_3091.png,PJ4P4F8
Plate_3092.png,5PEW653
Plate_3093.png,A4GTF
Plate_3094.png,653H
Plate_3095.png,B2AFELRDQX
Plate_3096.png,5L4P
Plate_3097.png,R2YEK8W
Plate_3098.png,LI6M
Plate_3099.png,LTAXW3
Plate_3100.png,S0AP4WZL
Plate_3101.png,HGNK7S03K
Plate_3102.png,R1LWLA36L
Plate_3103.png,UPDGW7ISZ
Plate_3104.png,RGPVAY4AHL5
Plate_3105.png,E50SGNTJXW
Plate_3106.png,KMR664DY
Plate_3107.png,J1Y6
Plate_3108.png,TEQ7A1Z0
Plate_3109.png,8GQFHR11
Plate_3110.png,SH0BA
Plate_3111.png,7RCS0L
Plate_3112.png,WXHFEBE2
Plate_3113.png,JJCK9X
Plate_3114.png,16Q5KU5
Plate_3115.png,SLMJ1R9TMSC
Plate_3116.png,BXZS
Plate_3117.png,GDFMD5L4CF
Plate_3118.png,AWXNBYKNE0
Plate_3119.png,Z56G9
Plate_3120.png,B7KSMLFTTJ
Plate_3121.png,NM44KNTQ
Plate_3122.png,VB2AGXG
Plate_3123.png,YESS1
Plate_3124.png,98L6K
Plate_3125.png,X4MVF0KN8Q
Plate_3126.png,N7Q9IR
Plate_3127.png,XIGU0JJR3
Plate_3128.png,AC9P
Plate_3129.png,TMYZCHE9U6M
Plate_3130.png,3YAHTMB
Plate_3131.png,M7IYG6XK4
Plate_3132.png,1CF49F9YALZ
Plate_3133.png,GJN1SHL7UE
Plate_3134.png,DBHU9DD
Plate_3135.png,5YAGMQ
Plate_3136.png,64Q39K
Plate_3137.png,8TSJ02Y4Q2
Plate_3138.png,JWBT0E
Plate_3139.png,R2X1FXFV
Plate_3140.png,4W2JR
Plate_3141.png,0367H6C28L0
Plate_3142.png,65H8SLV
Plate_3143.png,ACQ3VJ4EI4
Plate_3144.png,XLV2GRA
Plate_3145.png,NJC0LD
Plate_3146.png,L43F0L
Plate_3147.png,KI2A7
Plate_3148.png,K79A8DZE
Plate_3149.png,7PGP
Plate_3150.png,82614
Plate_3151.png,GU55S
Plate_3152.png,JM96V799ZP
Plate_3153.png,FDLVMV1EKQ
Plate_3154.png,QXM8
Plate_3155.png,HN7ST
Plate_3156.png,9ZGD
Plate_3157.png,48UI
Plate_3158.png,BY1IN
Plate_3159.png,B0APE
Plate_3160.png,LRSIIP2L
Plate_3161.png,C6P7VTYNN
Plate_3162.png,UN2N89Z1
Plate_3163.png,R517Y3UR
Plate_3164.png,UGD0ID20
Plate_3165.png,P4XMAQK2
Plate_3166.png,UB6J9BP
Plate_3167.png,NZC2VKSG
Plate_3168.png,HG4776BCX
Plate_3169.png,9BIMYYY
Plate_3170.png,LNRXTRWZN
Plate_3171.png,EWT7
Plate_3172.png,IIE8
Plate_3173.png,DRE6S6
Plate_3174.png,K7PAR
Plate_3175.png,FSDU54S9HS
Plate_3176.png,0PZ0L
Plate_3177.png,8FU14MKEC
Plate_3178.png,L000VDKE
Plate_3179.png,QSYYJ1NW
Plate_3180.png,KLM7N
Plate_3181.png,P9NYF6S9SJ
Plate_3182.png,RMZU55K8AEV
Plate_3183.png,IHXI6AP76
Plate_3184.png,8YB84CT8QU1
Plate_3185.png,RSQZDWKVF
Plate_3186.png,5L6WMJ4T
Plate_3187.png,3WBXWI
Plate_3188.png,VIV7QFJ4MP
Plate_3189.png,61ELN3UUGX
Plate_3190.png,1PD3Z9JU4
Plate_3191.png,HB6H7AEHQ4
Plate_3192.png,JIHVRF
Plate_3193.png,CLNFN1
Plate_3194.png,PV9D
Plate_3195.png,JV77GB
Plate_3196.png,P7ZERHLGK
Plate_3197.png,86N9WK09VF
Plate_3198.png,8ILYGGQ
Plate_3199.png,SM7D5TFXSQU
Plate_3200.png,9FU15TW
Plate_3201.png,HZG12N97
Plate_3202.png,2AS4UKN428R
Plate_3203.png,SJUN2QQ1
Plate_3204.png,D5UN354VEC3
Plate_3205.png,V9FB33X
Plate_3206.png,CFZLDA
Plate_3207.png,WR24XJTKCVK
Plate_3208.png,XITQ4
Plate_3209.png,TV1R4
Plate_3210.png,VW2W
Plate_3211.png,NREFLH
Plate_3212.png,5FNGWFQ6
Plate_3213.png,RAE0MQ92
Plate_3214.png,PBIBIQM
Plate_3215.png,XSPE1ZSSE
Plate_3216.png,UEW1
Plate_3217.png,2I98I
Plate_3218.png,K32EUACKDK
Plate_3219.png,ZCBG1K
Plate_3220.png,0KGVS0TVGU0
Plate_3221.png,H9LXA6ZGY
Plate_3222.png,RJFDUM4YY
Plate_3223.png,AFH5S
Plate_3224.png,MY8XBL6
Plate_3225.png,SFYUFB30
Plate_3226.png,9TTFRL6
Plate_3227.png,G0QB43
Plate_3228.png,EZNWI
Plate_3229.png,B7N1S4AD
Plate_3230.png,R3ZIVHH
Plate_3231.png,YNAV
Plate_3232.png,M85R6A
Plate_3233.png,I3T6Z1N58IF
Plate_3234.png,1DWELSF9YB
Plate_3235.png,QLBT7CLW
Plate_3236.png,M1CCE1VP3N
Plate_3237.png,XUDW
Plate_3238.png,NTD3H
Plate_3239.png,ZFI8LI1
Plate_3240.png,YWKP5U6CYIM
Plate_3241.png,IW97
Plate_3242.png,VELMJ3CA
Plate_3243.png,APYZ
Plate_3244.png,RU126WVB8S4
Plate_3245.png,L21Z3V
Plate_3246.png,ACW89APM
Plate_3247.png,KR6DIZSUSG
Plate_3248.png,C4VP
Plate_3249.png,1241280E7M6
Plate_3250.png,IEIG73SL
Plate_3251.png,DH3YVJQMGH
Plate_3252.png,GWWQ4CLX3C
Plate_3253.png,KIHRTATDA
Plate_3254.png,DDAGX5Z
Plate_3255.png,6MSKHWIGR4V
Plate_3256.png,1P2ZJ3
Plate_3257.png,UR1QI
Plate_3258.png,XAI1G2CQ
Plate_3259.png,WGYZ
Plate_3260.png,42ZQ4
Plate_3261.png,H9TUC
Plate_3262.png,RN7K2SAQN
Plate_3263.png,U77Y82R4
Plate_3264.png,SMN99
Plate_3265.png,ELXQ7X0WND5
Plate_3266.png,GDMB6FM4
Plate_3267.png,6RW4LP
Plate_3268.png,GCLMXI
Plate_3269.png,0K4I6
Plate_3270.png,5IPZXX
Plate_3271.png,Y9JV5LBSKV
Plate_3272.png,4CZC6VTG6
Plate_3273.png,G0FWHU
Plate_3274.png,RGQH
Plate_3275.png,GTVWQUL45DB
Plate_3276.png,ML57XHK8U8Q
Plate_3277.png,01SZW72
Plate_3278.png,RTRERXCL
Plate_3279.png,X3YYLU
Plate_3280.png,J4EH261F7V0
Plate_3281.png,8Z0H8
Plate_3282.png,DWLCCN
Plate_3283.png,EW0U
Plate_3284.png,L4ZK5
Plate_3285.png,8ER6I6671BA
Plate_3286.png,SHMYT
Plate_3287.png,7NSYVYI
Plate_3288.png,1V8EUBBZN1
Plate_3289.png,D45CVT1EEU
Plate_3290.png,T8M3DJ1UY2
Plate_3291.png,XVQYX
Plate_3292.png,U9QIJZPRBGC
Plate_3293.png,A0T87LY
Plate_3294.png,EHAU7VD1
Plate_3295.png,PTJ5B86D53
Plate_3296.png,ES2SVY8QQ
Plate_3297.png,K8TXUV4VRDE
Plate_3298.png,2W37RS5V
Plate_3299.png,IXLAJIVN32
Plate_3300.png,9VK5QEIY
Plate_3301.png,J3BX7VJ
Plate_3302.png,F819K
Plate_3303.png,F0Y834J
Plate_3304.png,G3HWSWE2UPV
Plate_3305.png,BUCL
Plate_3306.png,7XH0YUXC
Plate_3307.png,CQHW5QR9NB
Plate_3308.png,KIZAPCDG
Plate_3309.png,4I108W
Plate_3310.png,P4ASJTS4S
Plate_3311.png,EL5YB8
Plate_3312.png,MEZ3
Plate_3313.png,AGLIMEW5S
Plate_3314.png,DJC8FQK04
Plate_3315.png,S9D4
Plate_3316.png,ZZQW2R4824M
Plate_3317.png,N13XDNBYEU
Plate_3318.png,D0WLXN
Plate_3319.png,2EYX4CYPBU
Plate_3320.png,ECD9D
Plate_3321.png,QX6TT4GBKIT
Plate_3322.png,I6EJ
Plate_3323.png,BWZH
Plate_3324.png,JDCGAR1
Plate_3325.png,2DTAZV
Plate_3326.png,XPNZF
Plate_3327.png,0SYT9SZ5NS
Plate_3328.png,NLT9YF3I
Plate_3329.png,KTJUUL2
Plate_3330.png,R59JD3XIX9J
Plate_3331.png,U2M5U596V
Plate_3332.png,E659ACJMIX
Plate_3333.png,B7ZSATHW
Plate_3334.png,IYF91MP6P
Plate_3335.png,5N58AD
Plate_3336.png,JHK7BZ6ULI6
Plate_3337.png,7T799MZ
Plate_3338.png,LYW4R
Plate_3339.png,UHNJGGB
Plate_3340.png,MUPC82GIJI
Plate_3341.png,D9XTG
Plate_3342.png,S6RTB4
Plate_3343.png,6R0QCZJNNG3
Plate_3344.png,LDN1L
Plate_3345.png,AWYRQD
Plate_3346.png,49BT
Plate_3347.png,4DLT9M6HAQ
Plate_3348.png,CMFIT84
Plate_3349.png,0B4Q5GDQ2V
Plate_3350.png,0UGNSBWMK1A
Plate_3351.png,021EKVVIFBC
Plate_3352.png,RL6ZQ
Plate_3353.png,A47UF5
Plate_3354.png,ZEDL47QVANE
Plate_3355.png,5RFLHX
Plate_3356.png,D8MH
Plate_3357.png,XEGA
Plate_3358.png,C7C3WPXRRW
Plate_3359.png,KAA507LDF
Plate_3360.png,7C2PRG6G
Plate_3361.png,L9ETBF
Plate_3362.png,B9YB6N321
Plate_3363.png,4PJ6G0A4Y
Plate_3364.png,Y3VUTI0F1BC
Plate_3365.png,L3MN5W24AJY
Plate_3366.png,3I1BD0Y
Plate_3367.png,7QGUUDMN2
Plate_3368.png,11IDW4JG
Plate_3369.png,KAAQL2WUHH
Plate_3370.png,8FFNRCH5ZFM
Plate_3371.png,6ZZZ
Plate_3372.png,DXPFPZFLXZ3
Plate_3373.png,AHVNL5RNAZX
Plate_3374.png,6KYYIVXKJ3
Plate_3375.png,YV6N49PZ
Plate_3376.png,KW4P2BPT
Plate_3377.png,70HAVT09X
Plate_3378.png,TBQKCVJDHD
Plate_3379.png,Q0UBN2ET0
Plate_3380.png,9IPS
Plate_3381.png,LDHJV
Plate_3382.png,AAFH60K
Plate_3383.png,L090MCANN3
Plate_3384.png,W8VZ
Plate_3385.png,4JJTEEP5PBF
Plate_3386.png,W0FJ
Plate_3387.png,S06NTM
Plate_3388.png,E06M0T
Plate_3389.png,YGKBVSEGF1H
Plate_3390.png,CK3AGQGV7
Plate_3391.png,G9DU02Q
Plate_3392.png,ERN61MBDD
Plate_3393.png,UJCK
Plate_3394.png,M8F0IXFXD9
Plate_3395.png,TC7FS
Plate_3396.png,VIXH
Plate_3397.png,ZLNT4K9Z7T
Plate_3398.png,LQN6M6KTM
Plate_3399.png,Q6E5Q2Z810W
Plate_3400.png,7700FDTAT
Plate_3401.png,8N7BH41
Plate_3402.png,7YRV
Plate_3403.png,KGM5P0EW6JY
Plate_3404.png,ECNFH94D
Plate_3405.png,CKTFLLXA2YB
Plate_3406.png,0HRGQ6
Plate_3407.png,MZTGAWH
Plate_3408.png,VWGXZKMSEW
Plate_3409.png,K208020A3J
Plate_3410.png,ULY1RWHBHY
Plate_3411.png,4X8JRVCTL
Plate_3412.png,D3FXA2AJA8S
Plate_3413.png,1MMF
Plate_3414.png,FPWZB
Plate_3415.png,MWRDX04PT26
Plate_3416.png,NC6QR0
Plate_3417.png,3WIC
Plate_3418.png,8D7ZH
Plate_3419.png,L5XCLM9FRBP
Plate_3420.png,1WS7V9
Plate_3421.png,690IICZU7
Plate_3422.png,EWT1GSMYXW
Plate_3423.png,JJQW80
Plate_3424.png,987M02UL
Plate_3425.png,CLS9RS
Plate_3426.png,TLMHLNBU
Plate_3427.png,IKUX08
Plate_3428.png,CSU3EDENZ
Plate_3429.png,M8D6B
Plate_3430.png,Z4XDYX07
Plate_3431.png,P03TP1
Plate_3432.png,P60T4FXF
Plate_3433.png,RR8LPQRH
Plate_3434.png,1LLU5ZK
Plate_3435.png,NBR2Y
Plate_3436.png,6T0UCY
Plate_3437.png,SD2938V3N
Plate_3438.png,IIMP49U
Plate_3439.png,N5NI
Plate_3440.png,1CBGBK4D
Plate_3441.png,UCJNBU9G11
Plate_3442.png,1AZNSHT
Plate_3443.png,GU0DBA2A
Plate_3444.png,ZBRBF20JAH0
Plate_3445.png,WICHCX9EUDG
Plate_3446.png,789XFNXJGF
Plate_3447.png,HWC2S
Plate_3448.png,3LB4DIR9SM
Plate_3449.png,IZ8XCCNKRBZ
Plate_3450.png,3L89
Plate_3451.png,H875Y4SBHV
Plate_3452.png,FA707A0NZ
Plate_3453.png,A3AE8X
Plate_3454.png,W3E3HFSY
Plate_3455.png,T8M7A1
Plate_3456.png,46LG6DI
Plate_3457.png,HGE8I7E6TB
Plate_3458.png,9XVI
Plate_3459.png,BF5SQEIR
Plate_3460.png,4L0NKI7VS
Plate_3461.png,SJSE3QW9KTV
Plate_3462.png,37H8H59ZEU6
Plate_3463.png,Z06C
Plate_3464.png,QHDSZ6NC
Plate_3465.png,4I75
Plate_3466.png,XYYY11
Plate_3467.png,4JXKP
Plate_3468.png,RDVX9M
Plate_3469.png,5BM2ID9NKYI
Plate_3470.png,5ZXFXIMUEA
Plate_3471.png,4QMLS2
Plate_3472.png,4YX20IJX3
Plate_3473.png,VD7N108TRWA
Plate_3474.png,U162CZET2Q
Plate_3475.png,80HNKB2X6UA
Plate_3476.png,4KGKLPQF6
Plate_3477.png,LZRD9E
Plate_3478.png,PL58H
Plate_3479.png,RAWN4QP9
Plate_3480.png,8YMAJ9
Plate_3481.png,8ERV1KT
Plate_3482.png,B2HRGMQKQIR
Plate_3483.png,TZ7G1
Plate_3484.png,GLMQUL
Plate_3485.png,ULV1V
Plate_3486.png,AJ7VZR
Plate_3487.png,PJDW1W
Plate_3488.png,WWAV6UY
Plate_3489.png,KLKD0I17V
Plate_3490.png,MMLLB
Plate_3491.png,424ZST3ENU
Plate_3492.png,MW4ZS9YSM9
Plate_3493.png,813JU
Plate_3494.png,BDBW5U1S
Plate_3495.png,Q58Z1FN36J
Plate_3496.png,E8UNGC
Plate_3497.png,55WY1E3XIV
Plate_3498.png,FUD202
Plate_3499.png,8E0SSTSU1MB
Plate_3500.png,9D5TDRN9
Plate_3501.png,3AZVW
Plate_3502.png,VJ1REFE
Plate_3503.png,WK7KFSZJ8N
Plate_3504.png,756IQR6
Plate_3505.png,8YYX
Plate_3506.png,7LUZW
Plate_3507.png,VVZK40HXEI
Plate_3508.png,32S3CNM4
Plate_3509.png,T3TGQJW
Plate_3510.png,RY7J5ZJ
Plate_3511.png,553J
Plate_3512.png,GGVD4
Plate_3513.png,40WDPSQEDJ
Plate_3514.png,EASYUI
Plate_3515.png,HD0JMQ2
Plate_3516.png,JYNC
Plate_3517.png,NQBZI
Plate_3518.png,GIIKLQ
Plate_3519.png,4Q55WEC0RRJ
Plate_3520.png,Y2M8RJ2K
Plate_3521.png,W7ERAURQ
Plate_3522.png,KGWLGGG
Plate_3523.png,DANA2
Plate_3524.png,CCKSTR5
Plate_3525.png,8NYK1L
Plate_3526.png,VLJQS
Plate_3527.png,3HKA06KP36H
Plate_3528.png,Z71ZXDZR
Plate_3529.png,U5FQL
Plate_3530.png,H7IFLRY
Plate_3531.png,DHZ4B1XLXIW
Plate_3532.png,DMP9A3M
Plate_3533.png,6XLJA
Plate_3534.png,XW8MVAZJC5
Plate_3535.png,F4MTWJ8
Plate_3536.png,JASJ2
Plate_3537.png,MTVMWQ
Plate_3538.png,7SL0Z
Plate_3539.png,FR9UFNJYTQ5
Plate_3540.png,S27KHIVCM
Plate_3541.png,PB5CNR
Plate_3542.png,Z6I8HMMF
Plate_3543.png,JWTG00
Plate_3544.png,1A09L
Plate_3545.png,8XEN
Plate_3546.png,HRFHR7
Plate_3547.png,IMJ9S0AUP
Plate_3548.png,ACMX
Plate_3549.png,WJE76LJ
Plate_3550.png,53EK
Plate_3551.png,UG1DUZ3Y
Plate_3552.png,SCY2UYGB
Plate_3553.png,ZNDQ7V5N350
Plate_3554.png,20ZVQZEN
Plate_3555.png,WN132LHN
Plate_3556.png,1VA7HIJUI
Plate_3557.png,J3F2DAE50
Plate_3558.png,Q5BEWAKXZ
Plate_3559.png,NPR7QW
Plate_3560.png,RNTLKVA
Plate_3561.png,8I1E2RD20X
Plate_3562.png,6E3P02I
Plate_3563.png,RU8WYH9Q9
Plate_3564.png,DLV3RK0LB
Plate_3565.png,AKGW6YMH
Plate_3566.png,66MVINS5JYS
Plate_3567.png,HAXZG2BY2Z
Plate_3568.png,YVCEMWVFJV5
Plate_3569.png,EG0CCM5X7
Plate_3570.png,SVWPER4
Plate_3571.png,8MFQK
Plate_3572.png,81U1C
Plate_3573.png,3EUTU
Plate_3574.png,936WZ0JR620
Plate_3575.png,IEI17RU
Plate_3576.png,36WJ
Plate_3577.png,S4LZCCZCE
Plate_3578.png,LZI0JW502B1
Plate_3579.png,NN87GTX19M
Plate_3580.png,6CPE5UHC9
Plate_3581.png,J57KZYFZ
Plate_3582.png,A0EI1C
Plate_3583.png,JDM0SUNR
Plate_3584.png,50VWPSDYMZ8
Plate_3585.png,JNSL17
Plate_3586.png,0JMTR2UW
Plate_3587.png,ANP2
Plate_3588.png,XR27
Plate_3589.png,SG09RZPYKJ
Plate_3590.png,UPC19W
Plate_3591.png,CJXUR2G9L5
Plate_3592.png,1XAEJT10C
Plate_3593.png,7PDRB
Plate_3594.png,EEUADR70HC
Plate_3595.png,17TCBNZDFD5
Plate_3596.png,93CAYCLB
Plate_3597.png,ZRSW
Plate_3598.png,V24KHWX
Plate_3599.png,DBAI4AS8R
Plate_3600.png,A8W3GY
Plate_3601.png,M52HKCYJ
Plate_3602.png,4VJ8
Plate_3603.png,NM91G
Plate_3604.png,C6Y52L7
Plate_3605.png,J581D1WT8H
Plate_3606.png,I8NUVU
Plate_3607.png,I0DYAYYW846
Plate_3608.png,P0FU1JFZ
Plate_3609.png,ZPT7EGUJZA
Plate_3610.png,TC5UQBB1ED
Plate_3611.png,XFN6TXA6
Plate_3612.png,NXDAKRH
Plate_3613.png,8IIIESBZ
Plate_3614.png,PSJP8P9
Plate_3615.png,R15V5Z
Plate_3616.png,N9HM49
Plate_3617.png,2PNLS94DCE
Plate_3618.png,GV4LH
Plate_3619.png,006EZZ6
Plate_3620.png,ZWL8RLSJ4
Plate_3621.png,KXRJHMVBFBW
Plate_3622.png,SKS3
Plate_3623.png,TUSQ
Plate_3624.png,ZM2RIUIQ
Plate_3625.png,7XUGFX
Plate_3626.png,AZDVKFE2
Plate_3627.png,CU7AEW
Plate_3628.png,N10KX95
Plate_3629.png,V9FY4LBDGT
Plate_3630.png,1INSF0H1N6G
Plate_3631.png,13GQ4M9FS6
Plate_3632.png,JPT7D2
Plate_3633.png,66Z03ZRJU9
Plate_3634.png,VEZRTI
Plate_3635.png,CG02WQJZ9D
Plate_3636.png,1AUERASZW
Plate_3637.png,TD4R9U1SI
Plate_3638.png,82YE99ELP40
Plate_3639.png,PUA8DML
Plate_3640.png,442360G
Plate_3641.png,E0T2QXXC
Plate_3642.png,NGTQ1LD
Plate_3643.png,HWMSAQ6KD
Plate_3644.png,FND0
Plate_3645.png,0Q00TGLD
Plate_3646.png,NINERSL2Q
Plate_3647.png,G69JDE
Plate_3648.png,3HF3U
Plate_3649.png,QHSPEE9
Plate_3650.png,GPEHF94VH
Plate_3651.png,RAC3JMVBC
Plate_3652.png,Z37CA
Plate_3653.png,DBEDN9D8
Plate_3654.png,GT9CHEH
Plate_3655.png,DBFJ
Plate_3656.png,8GVQK3B
Plate_3657.png,KWKFK
Plate_3658.png,PYY8C
Plate_3659.png,FSXGU
Plate_3660.png,4YWP
Plate_3661.png,4FM5DP7DKG4
Plate_3662.png,9SKG4AHVEE
Plate_3663.png,RNG7B90
Plate_3664.png,2GT95DD
Plate_3665.png,5ID97G587
Plate_3666.png,KY6WU1ZS35Y
Plate_3667.png,YLN10SAP
Plate_3668.png,1LL867JK
Plate_3669.png,THMAQZAK
Plate_3670.png,4M7QYPZB
Plate_3671.png,8WJD1FGX9TV
Plate_3672.png,6STK0WJ
Plate_3673.png,N97V5P
Plate_3674.png,4Y19
Plate_3675.png,I51G1H
Plate_3676.png,6SBCCI
Plate_3677.png,JC65CGXS6BA
Plate_3678.png,9JFT
Plate_3679.png,CYC1P1FI6S
Plate_3680.png,W85E2I44
Plate_3681.png,T3VSW6SX2I
Plate_3682.png,Q0DVEE0
Plate_3683.png,108A7I15
Plate_3684.png,0VN6XNMZ
Plate_3685.png,S6GZV
Plate_3686.png,Z6FB7V4
Plate_3687.png,0GFY008J
Plate_3688.png,EH3SWWXCV
Plate_3689.png,A6WXF13TCSH
Plate_3690.png,07KMCV0KZ
Plate_3691.png,DW2IRI7EY6
Plate_3692.png,DFDV6TSS
Plate_3693.png,CJTHU0KBZV
Plate_3694.png,8XTUR6PHTMN
Plate_3695.png,0FEAAF
Plate_3696.png,YCNR
Plate_3697.png,LI7ZXXH
Plate_3698.png,BKK4CJ9P
Plate_3699.png,9PYKU1L
Plate_3700.png,7BWMX
Plate_3701.png,KT2W23IQUC
Plate_3702.png,34NM730L
Plate_3703.png,SSUFJYQN6SB
Plate_3704.png,EYLV
Plate_3705.png,QJ8Y
Plate_3706.png,Z7U29DFAK
Plate_3707.png,KJQE
Plate_3708.png,4UQKKCU0XWV
Plate_3709.png,U1F1
Plate_3710.png,ZBHQYHIIG1
Plate_3711.png,1RAEUID3
Plate_3712.png,G7K7GG
Plate_3713.png,PVS30
Plate_3714.png,5WHSJ
Plate_3715.png,VKU65B
Plate_3716.png,PHS2D140ME
Plate_3717.png,4P8V87ZZV
Plate_3718.png,HQSZH2
Plate_3719.png,201G5DI1KCG
Plate_3720.png,U5497V9L
Plate_3721.png,LJMKG1P6
Plate_3722.png,QLXJBY6K
Plate_3723.png,D8R2
Plate_3724.png,SCLGF4Z9R
Plate_3725.png,ZFUFH10M
Plate_3726.png,BJ5PZ
Plate_3727.png,0X2LMC
Plate_3728.png,KZJSTPCWZ4A
Plate_3729.png,AYDDYCM5NB
Plate_3730.png,6HZWJ
Plate_3731.png,MJLGHU1
Plate_3732.png,3ZM5YFT3
Plate_3733.png,VYZ7
Plate_3734.png,3NRDX2FVS3K
Plate_3735.png,EZA4
Plate_3736.png,4F1PFNNK5EC
Plate_3737.png,JARMDZ
Plate_3738.png,YJUEWWNFJ7L
Plate_3739.png,AR548YPRCJ6
Plate_3740.png,WAZEWD
Plate_3741.png,C4YD84HWV6
Plate_3742.png,87CP
Plate_3743.png,HFJCHXT1HU7
Plate_3744.png,968KUWHTEC1
Plate_3745.png,LXMEXI
Plate_3746.png,RFQ2V39S
Plate_3747.png,PGYJ1IY2U
Plate_3748.png,JG7AXITSIIJ
Plate_3749.png,8D98C8VVH3
Plate_3750.png,N1PS
Plate_3751.png,KIW88N
Plate_3752.png,20LEHHL2
Plate_3753.png,ZJ6XV3WPZ
Plate_3754.png,7458ML
Plate_3755.png,CV8ZZT7
Plate_3756.png,2X1PH92Z
Plate_3757.png,FYTK3RK4URN
Plate_3758.png,UQZLRKE
Plate_3759.png,VMLPXEHJ1
Plate_3760.png,WHJ6
Plate_3761.png,J11YUVF
Plate_3762.png,F47ZZMK9EVL
Plate_3763.png,EXD77B
Plate_3764.png,KEQ1
Plate_3765.png,H7J29AYT7P
Plate_3766.png,FPYM70F
Plate_3767.png,7BAXBN2ZWH
Plate_3768.png,FWQHS1VV
Plate_3769.png,QWMXT0U
Plate_3770.png,ML2XI3RNDP
Plate_3771.png,Z43HBF
Plate_3772.png,SVD9L12HIQQ
Plate_3773.png,ZIAZ3SK6
Plate_3774.png,DLT7
Plate_3775.png,VR8WJR
Plate_3776.png,8DP50PX
Plate_3777.png,A7ZEQ
Plate_3778.png,IWNL
Plate_3779.png,61L1C3QPHKS
Plate_3780.png,98B2D08KK8
Plate_3781.png,WRFNDSGSC43
Plate_3782.png,ZVJ87
Plate_3783.png,UG0DG3J5SM
Plate_3784.png,QLMI38HZ4
Plate_3785.png,ID0GDDNU2W
Plate_3786.png,9HDLM9M
Plate_3787.png,XP9GM
Plate_3788.png,X4URWCVJL1
Plate_3789.png,MLFEJLR7
Plate_3790.png,2XU0EENML8R
Plate_3791.png,3DIQ
Plate_3792.png,SLL4SP3F66
Plate_3793.png,E0WM
Plate_3794.png,TRBYHGUIM
Plate_3795.png,P2EK7JK0N
Plate_3796.png,ENX53T1
Plate_3797.png,7ZP2X
Plate_3798.png,GZ7MSEB1C9
Plate_3799.png,6BSWX
Plate_3800.png,LFHT7GX8
Plate_3801.png,VH5M75PRX5
Plate_3802.png,UYMSTR
Plate_3803.png,YYPM
Plate_3804.png,AFU2
Plate_3805.png,BHN9L4
Plate_3806.png,R6XMN921D3
Plate_3807.png,ISPLARU6
Plate_3808.png,4XQSFG7ZPU
Plate_3809.png,PLYZR5Z0A
Plate_3810.png,UAMA5B
Plate_3811.png,S31069J0EYN
Plate_3812.png,GNBHEBT76WM
Plate_3813.png,SY66CG3NM7
Plate_3814.png,S0G9F
Plate_3815.png,K5T91E9G8B
Plate_3816.png,DZUX
Plate_3817.png,U959TMF3WYT
Plate_3818.png,YB0IYK
Plate_3819.png,YVF9G4
Plate_3820.png,G224IE0VII
Plate_3821.png,3EZUL3PDM
Plate_3822.png,MD0EEUUL5LJ
Plate_3823.png,6IIZ0I7
Plate_3824.png,VRRZWGSNS
Plate_3825.png,01K6WIW
Plate_3826.png,JRZUWS9F9DJ
Plate_3827.png,23CT0UI
Plate_3828.png,31XLUPPT
Plate_3829.png,UGRY38
Plate_3830.png,Z1ASH3D27
Plate_3831.png,CNWQ9
Plate_3832.png,I4S8
Plate_3833.png,RWLY
Plate_3834.png,D62X
Plate_3835.png,35XRPS7
Plate_3836.png,VP2AIE2
Plate_3837.png,KSJAX4E9E9
Plate_3838.png,0LXKVD7
Plate_3839.png,BCPNRR97
Plate_3840.png,LFM9W
Plate_3841.png,4ZZ72
Plate_3842.png,5LWX2PMQS
Plate_3843.png,42BLPTA1
Plate_3844.png,N383
Plate_3845.png,7ZEIV9D3ETZ
Plate_3846.png,PZ0V0
Plate_3847.png,B7DCKS4QZ8J
Plate_3848.png,VADDVQQ7U69
Plate_3849.png,XJQE
Plate_3850.png,5551
Plate_3851.png,HK7EDXLTBP
Plate_3852.png,MHQNRQMZ25D
Plate_3853.png,8RC3WEBX
Plate_3854.png,X5QZM8
Plate_3855.png,CNGR9L2
Plate_3856.png,4SFRG0KFTX
Plate_3857.png,AY3GU2HJG
Plate_3858.png,Q9HKTK
Plate_3859.png,4ZMLYVV3
Plate_3860.png,EWDVIA
Plate_3861.png,LG8G
Plate_3862.png,0IQ9WYE
Plate_3863.png,45QA
Plate_3864.png,X1Q6LD
Plate_3865.png,ENNZ4FPYKP
Plate_3866.png,RSUH5BFVDT
Plate_3867.png,1KCJ
Plate_3868.png,8A9J
Plate_3869.png,133GJZ7D
Plate_3870.png,IRXRGBD
Plate_3871.png,JBG3XBVN4JW
Plate_3872.png,63ZVLPIT35N
Plate_3873.png,I1ALEXQZ
Plate_3874.png,2C8W
Plate_3875.png,Z9AJ97B7S5
Plate_3876.png,FTZTQH
Plate_3877.png,GFIPH
Plate_3878.png,1M04ZJ0
Plate_3879.png,BHS3ZJ
Plate_3880.png,R01NJ46SGH
Plate_3881.png,EQA4717Z2MP
Plate_3882.png,5BEDNLJ
Plate_3883.png,5C43
Plate_3884.png,0T5PID6
Plate_3885.png,RMA7JR2E59
Plate_3886.png,T12J9R7G
Plate_3887.png,REVRDPX61S
Plate_3888.png,I8MFCXA
Plate_3889.png,7M3NCIA
Plate_3890.png,M8JR
Plate_3891.png,9RXL
Plate_3892.png,HEQNDN
Plate_3893.png,0RTLA98
Plate_3894.png,YNTMNV8CZ3
Plate_3895.png,595RRD
Plate_3896.png,RNHYTC
Plate_3897.png,AP4H5L
Plate_3898.png,370NPMJWN
Plate_3899.png,BGDSLS
Plate_3900.png,SXZFLHC
Plate_3901.png,SKE31AA8F4K
Plate_3902.png,57MI81Z7P
Plate_3903.png,S324ZX3B
Plate_3904.png,2UEP
Plate_3905.png,K8ZU
Plate_3906.png,TMP41
Plate_3907.png,TKDSS
Plate_3908.png,M35EVRJTZIL
Plate_3909.png,1I0GSVHRMU
Plate_3910.png,RXR4DDCZGM8
Plate_3911.png,P8ZA7BTQ9T
Plate_3912.png,6ZHXKT4XX58
Plate_3913.png,8A9MIQKZ
Plate_3914.png,LQIFS0PS4I
Plate_3915.png,8TZXG
Plate_3916.png,GI7460
Plate_3917.png,A8FBZJ0CXA8
Plate_3918.png,TB81982Z
Plate_3919.png,8VG7M
Plate_3920.png,HJ97IBZW0S
Plate_3921.png,6884CV4X86
Plate_3922.png,94TNX
Plate_3923.png,5P9L
Plate_3924.png,8SYLQ0
Plate_3925.png,V1V1
Plate_3926.png,6IG3SF51Q7
Plate_3927.png,6R0CE3
Plate_3928.png,YNN4G3
Plate_3929.png,G0LNBW
Plate_3930.png,8UDG
Plate_3931.png,M8RXKH4
Plate_3932.png,L13I
Plate_3933.png,HGP8DNHT
Plate_3934.png,LPR4DWRN8
Plate_3935.png,C3DTVI1Z2
Plate_3936.png,I7QP4WNN23
Plate_3937.png,ZQ0RG819II
Plate_3938.png,KKIBPRIJ9
Plate_3939.png,7DP4Q7
Plate_3940.png,FSY0LC58D
Plate_3941.png,0L4MX9
Plate_3942.png,XW3GYA
Plate_3943.png,89IABKUI
Plate_3944.png,KANRH5J5A
Plate_3945.png,3VREGKSY2U
Plate_3946.png,TQHC9C4U5E1
Plate_3947.png,XJES71
Plate_3948.png,BPMZLQUL3
Plate_3949.png,CPC8PWSYIT
Plate_3950.png,TQCC0IERP
Plate_3951.png,TM1M5W3EA
Plate_3952.png,3Q8Z
Plate_3953.png,4VS9APQ9GJ
Plate_3954.png,XF5B3C
Plate_3955.png,PPEM2C9U9UL
Plate_3956.png,9RG8ABZP
Plate_3957.png,HZ1Y9TQP
Plate_3958.png,IQFWP
Plate_3959.png,JXN1RNL
Plate_3960.png,87D5
Plate_3961.png,MY1S
Plate_3962.png,2TR29PD
Plate_3963.png,7CABESQI
Plate_3964.png,3DNJ2P
Plate_3965.png,FHIE1LSDR
Plate_3966.png,W088YPLL
Plate_3967.png,B9IE
Plate_3968.png,7XHC5M53F
Plate_3969.png,BSM6SX
Plate_3970.png,L2S7IKTD
Plate_3971.png,JQ12TFQ2SY
Plate_3972.png,7YAYEUJ20B
Plate_3973.png,LLWEXFIZ
Plate_3974.png,6JN4VFBAU7
Plate_3975.png,0I6Z18W0DV
Plate_3976.png,CV0K6
Plate_3977.png,A28P
Plate_3978.png,7CQZ64XVSH
Plate_3979.png,KRF17GU
Plate_3980.png,RHCV9
Plate_3981.png,Z6VV10Y
Plate_3982.png,V419C63
Plate_3983.png,QR8MHH
Plate_3984.png,CGSBNWG
Plate_3985.png,8QAIXUU7MT
Plate_3986.png,9J8KZ456SNG
Plate_3987.png,UDN5Y3
Plate_3988.png,UL0WC5
Plate_3989.png,JC1KBTMPBV
Plate_3990.png,2FEX8X
Plate_3991.png,SEU0RPF9B
Plate_3992.png,5MB0
Plate_3993.png,N78A7XPQ
Plate_3994.png,H93PF
Plate_3995.png,K2QIDWM
Plate_3996.png,N4P6IVY
Plate_3997.png,DW75CS
Plate_3998.png,HIZWH2FA7B
Plate_3999.png,L95X3TCJJNN
